[2026-08-15T16:23:26.693+0000] {processor.py:157} INFO - Started process (PID=168) to work on /opt/airflow/dags/dag-pipeline.py
[2026-08-15T16:23:26.694+0000] {processor.py:829} INFO - Processing file /opt/airflow/dags/dag-pipeline.py for tasks to queue
[2026-08-15T16:23:26.695+0000] {logging_mixin.py:154} INFO - [2026-08-15T16:23:26.695+0000] {dagbag.py:536} INFO - Filling up the DagBag from /opt/airflow/dags/dag-pipeline.py
[2026-08-15T16:23:26.703+0000] {processor.py:839} INFO - DAG(s) dict_keys(['ecommerce_analytics_engine']) retrieved from /opt/airflow/dags/dag-pipeline.py
[2026-08-15T16:23:26.712+0000] {logging_mixin.py:154} INFO - [2026-08-15T16:23:26.712+0000] {dag.py:2941} INFO - Sync 1 DAGs
[2026-08-15T16:23:26.722+0000] {logging_mixin.py:154} INFO - [2026-08-15T16:23:26.722+0000] {dag.py:3722} INFO - Setting next_dagrun for ecommerce_analytics_engine to 2026-08-15T16:00:00+00:00, run_after=2026-08-15T17:00:00+00:00
[2026-08-15T16:23:26.731+0000] {processor.py:179} INFO - Processing /opt/airflow/dags/dag-pipeline.py took 0.039 seconds
[2026-08-15T16:23:56.922+0000] {processor.py:157} INFO - Started process (PID=258) to work on /opt/airflow/dags/dag-pipeline.py
[2026-08-15T16:23:56.923+0000] {processor.py:829} INFO - Processing file /opt/airflow/dags/dag-pipeline.py for tasks to queue
[2026-08-15T16:23:56.923+0000] {logging_mixin.py:154} INFO - [2026-08-15T16:23:56.923+0000] {dagbag.py:536} INFO - Filling up the DagBag from /opt/airflow/dags/dag-pipeline.py
[2026-08-15T16:23:56.933+0000] {processor.py:839} INFO - DAG(s) dict_keys(['ecommerce_analytics_engine']) retrieved from /opt/airflow/dags/dag-pipeline.py
[2026-08-15T16:23:56.941+0000] {logging_mixin.py:154} INFO - [2026-08-15T16:23:56.941+0000] {dag.py:2941} INFO - Sync 1 DAGs
[2026-08-15T16:23:56.953+0000] {logging_mixin.py:154} INFO - [2026-08-15T16:23:56.953+0000] {dag.py:3722} INFO - Setting next_dagrun for ecommerce_analytics_engine to 2026-08-15T16:00:00+00:00, run_after=2026-08-15T17:00:00+00:00
[2026-08-15T16:23:56.961+0000] {processor.py:179} INFO - Processing /opt/airflow/dags/dag-pipeline.py took 0.041 seconds
[2026-08-15T16:24:27.120+0000] {processor.py:157} INFO - Started process (PID=263) to work on /opt/airflow/dags/dag-pipeline.py
[2026-08-15T16:24:27.120+0000] {processor.py:829} INFO - Processing file /opt/airflow/dags/dag-pipeline.py for tasks to queue
[2026-08-15T16:24:27.121+0000] {logging_mixin.py:154} INFO - [2026-08-15T16:24:27.121+0000] {dagbag.py:536} INFO - Filling up the DagBag from /opt/airflow/dags/dag-pipeline.py
[2026-08-15T16:24:27.133+0000] {processor.py:839} INFO - DAG(s) dict_keys(['ecommerce_analytics_engine']) retrieved from /opt/airflow/dags/dag-pipeline.py
[2026-08-15T16:24:27.152+0000] {logging_mixin.py:154} INFO - [2026-08-15T16:24:27.152+0000] {dag.py:2941} INFO - Sync 1 DAGs
[2026-08-15T16:24:27.161+0000] {logging_mixin.py:154} INFO - [2026-08-15T16:24:27.161+0000] {dag.py:3722} INFO - Setting next_dagrun for ecommerce_analytics_engine to 2026-08-15T16:00:00+00:00, run_after=2026-08-15T17:00:00+00:00
[2026-08-15T16:24:27.167+0000] {processor.py:179} INFO - Processing /opt/airflow/dags/dag-pipeline.py took 0.049 seconds
[2026-08-15T16:24:57.330+0000] {processor.py:157} INFO - Started process (PID=268) to work on /opt/airflow/dags/dag-pipeline.py
[2026-08-15T16:24:57.330+0000] {processor.py:829} INFO - Processing file /opt/airflow/dags/dag-pipeline.py for tasks to queue
[2026-08-15T16:24:57.331+0000] {logging_mixin.py:154} INFO - [2026-08-15T16:24:57.331+0000] {dagbag.py:536} INFO - Filling up the DagBag from /opt/airflow/dags/dag-pipeline.py
[2026-08-15T16:24:57.340+0000] {processor.py:839} INFO - DAG(s) dict_keys(['ecommerce_analytics_engine']) retrieved from /opt/airflow/dags/dag-pipeline.py
[2026-08-15T16:24:57.354+0000] {logging_mixin.py:154} INFO - [2026-08-15T16:24:57.354+0000] {dag.py:2941} INFO - Sync 1 DAGs
[2026-08-15T16:24:57.364+0000] {logging_mixin.py:154} INFO - [2026-08-15T16:24:57.364+0000] {dag.py:3722} INFO - Setting next_dagrun for ecommerce_analytics_engine to 2026-08-15T16:00:00+00:00, run_after=2026-08-15T17:00:00+00:00
[2026-08-15T16:24:57.369+0000] {processor.py:179} INFO - Processing /opt/airflow/dags/dag-pipeline.py took 0.041 seconds
[2026-08-15T16:25:27.541+0000] {processor.py:157} INFO - Started process (PID=273) to work on /opt/airflow/dags/dag-pipeline.py
[2026-08-15T16:25:27.541+0000] {processor.py:829} INFO - Processing file /opt/airflow/dags/dag-pipeline.py for tasks to queue
[2026-08-15T16:25:27.542+0000] {logging_mixin.py:154} INFO - [2026-08-15T16:25:27.542+0000] {dagbag.py:536} INFO - Filling up the DagBag from /opt/airflow/dags/dag-pipeline.py
[2026-08-15T16:25:27.550+0000] {processor.py:839} INFO - DAG(s) dict_keys(['ecommerce_analytics_engine']) retrieved from /opt/airflow/dags/dag-pipeline.py
[2026-08-15T16:25:27.562+0000] {logging_mixin.py:154} INFO - [2026-08-15T16:25:27.562+0000] {dag.py:2941} INFO - Sync 1 DAGs
[2026-08-15T16:25:27.570+0000] {logging_mixin.py:154} INFO - [2026-08-15T16:25:27.570+0000] {dag.py:3722} INFO - Setting next_dagrun for ecommerce_analytics_engine to 2026-08-15T16:00:00+00:00, run_after=2026-08-15T17:00:00+00:00
[2026-08-15T16:25:27.576+0000] {processor.py:179} INFO - Processing /opt/airflow/dags/dag-pipeline.py took 0.037 seconds
[2026-08-15T16:25:57.725+0000] {processor.py:157} INFO - Started process (PID=278) to work on /opt/airflow/dags/dag-pipeline.py
[2026-08-15T16:25:57.726+0000] {processor.py:829} INFO - Processing file /opt/airflow/dags/dag-pipeline.py for tasks to queue
[2026-08-15T16:25:57.726+0000] {logging_mixin.py:154} INFO - [2026-08-15T16:25:57.726+0000] {dagbag.py:536} INFO - Filling up the DagBag from /opt/airflow/dags/dag-pipeline.py
[2026-08-15T16:25:57.733+0000] {processor.py:839} INFO - DAG(s) dict_keys(['ecommerce_analytics_engine']) retrieved from /opt/airflow/dags/dag-pipeline.py
[2026-08-15T16:25:57.745+0000] {logging_mixin.py:154} INFO - [2026-08-15T16:25:57.745+0000] {dag.py:2941} INFO - Sync 1 DAGs
[2026-08-15T16:25:57.752+0000] {logging_mixin.py:154} INFO - [2026-08-15T16:25:57.752+0000] {dag.py:3722} INFO - Setting next_dagrun for ecommerce_analytics_engine to 2026-08-15T16:00:00+00:00, run_after=2026-08-15T17:00:00+00:00
[2026-08-15T16:25:57.757+0000] {processor.py:179} INFO - Processing /opt/airflow/dags/dag-pipeline.py took 0.033 seconds
[2026-08-15T16:35:35.725+0000] {processor.py:157} INFO - Started process (PID=167) to work on /opt/airflow/dags/dag-pipeline.py
[2026-08-15T16:35:35.726+0000] {processor.py:829} INFO - Processing file /opt/airflow/dags/dag-pipeline.py for tasks to queue
[2026-08-15T16:35:35.727+0000] {logging_mixin.py:154} INFO - [2026-08-15T16:35:35.727+0000] {dagbag.py:536} INFO - Filling up the DagBag from /opt/airflow/dags/dag-pipeline.py
[2026-08-15T16:35:35.744+0000] {processor.py:839} INFO - DAG(s) dict_keys(['ecommerce_analytics_engine']) retrieved from /opt/airflow/dags/dag-pipeline.py
[2026-08-15T16:35:35.753+0000] {logging_mixin.py:154} INFO - [2026-08-15T16:35:35.753+0000] {dag.py:2941} INFO - Sync 1 DAGs
[2026-08-15T16:35:35.764+0000] {logging_mixin.py:154} INFO - [2026-08-15T16:35:35.763+0000] {dag.py:3722} INFO - Setting next_dagrun for ecommerce_analytics_engine to 2026-08-15T16:00:00+00:00, run_after=2026-08-15T17:00:00+00:00
[2026-08-15T16:35:35.769+0000] {processor.py:179} INFO - Processing /opt/airflow/dags/dag-pipeline.py took 0.045 seconds
[2026-08-15T16:36:05.920+0000] {processor.py:157} INFO - Started process (PID=172) to work on /opt/airflow/dags/dag-pipeline.py
[2026-08-15T16:36:05.921+0000] {processor.py:829} INFO - Processing file /opt/airflow/dags/dag-pipeline.py for tasks to queue
[2026-08-15T16:36:05.922+0000] {logging_mixin.py:154} INFO - [2026-08-15T16:36:05.922+0000] {dagbag.py:536} INFO - Filling up the DagBag from /opt/airflow/dags/dag-pipeline.py
[2026-08-15T16:36:05.936+0000] {processor.py:839} INFO - DAG(s) dict_keys(['ecommerce_analytics_engine']) retrieved from /opt/airflow/dags/dag-pipeline.py
[2026-08-15T16:36:05.944+0000] {logging_mixin.py:154} INFO - [2026-08-15T16:36:05.944+0000] {dag.py:2941} INFO - Sync 1 DAGs
[2026-08-15T16:36:05.955+0000] {logging_mixin.py:154} INFO - [2026-08-15T16:36:05.955+0000] {dag.py:3722} INFO - Setting next_dagrun for ecommerce_analytics_engine to 2026-08-15T16:00:00+00:00, run_after=2026-08-15T17:00:00+00:00
[2026-08-15T16:36:05.961+0000] {processor.py:179} INFO - Processing /opt/airflow/dags/dag-pipeline.py took 0.043 seconds
[2026-08-15T16:36:36.133+0000] {processor.py:157} INFO - Started process (PID=177) to work on /opt/airflow/dags/dag-pipeline.py
[2026-08-15T16:36:36.133+0000] {processor.py:829} INFO - Processing file /opt/airflow/dags/dag-pipeline.py for tasks to queue
[2026-08-15T16:36:36.134+0000] {logging_mixin.py:154} INFO - [2026-08-15T16:36:36.134+0000] {dagbag.py:536} INFO - Filling up the DagBag from /opt/airflow/dags/dag-pipeline.py
[2026-08-15T16:36:36.147+0000] {processor.py:839} INFO - DAG(s) dict_keys(['ecommerce_analytics_engine']) retrieved from /opt/airflow/dags/dag-pipeline.py
[2026-08-15T16:36:36.172+0000] {logging_mixin.py:154} INFO - [2026-08-15T16:36:36.172+0000] {dag.py:2941} INFO - Sync 1 DAGs
[2026-08-15T16:36:36.186+0000] {logging_mixin.py:154} INFO - [2026-08-15T16:36:36.186+0000] {dag.py:3722} INFO - Setting next_dagrun for ecommerce_analytics_engine to 2026-08-15T16:00:00+00:00, run_after=2026-08-15T17:00:00+00:00
[2026-08-15T16:36:36.192+0000] {processor.py:179} INFO - Processing /opt/airflow/dags/dag-pipeline.py took 0.061 seconds
[2026-08-15T16:37:06.344+0000] {processor.py:157} INFO - Started process (PID=182) to work on /opt/airflow/dags/dag-pipeline.py
[2026-08-15T16:37:06.345+0000] {processor.py:829} INFO - Processing file /opt/airflow/dags/dag-pipeline.py for tasks to queue
[2026-08-15T16:37:06.345+0000] {logging_mixin.py:154} INFO - [2026-08-15T16:37:06.345+0000] {dagbag.py:536} INFO - Filling up the DagBag from /opt/airflow/dags/dag-pipeline.py
[2026-08-15T16:37:06.356+0000] {processor.py:839} INFO - DAG(s) dict_keys(['ecommerce_analytics_engine']) retrieved from /opt/airflow/dags/dag-pipeline.py
[2026-08-15T16:37:06.372+0000] {logging_mixin.py:154} INFO - [2026-08-15T16:37:06.372+0000] {dag.py:2941} INFO - Sync 1 DAGs
[2026-08-15T16:37:06.383+0000] {logging_mixin.py:154} INFO - [2026-08-15T16:37:06.383+0000] {dag.py:3722} INFO - Setting next_dagrun for ecommerce_analytics_engine to 2026-08-15T16:00:00+00:00, run_after=2026-08-15T17:00:00+00:00
[2026-08-15T16:37:06.389+0000] {processor.py:179} INFO - Processing /opt/airflow/dags/dag-pipeline.py took 0.047 seconds
[2026-08-15T16:37:36.559+0000] {processor.py:157} INFO - Started process (PID=187) to work on /opt/airflow/dags/dag-pipeline.py
[2026-08-15T16:37:36.559+0000] {processor.py:829} INFO - Processing file /opt/airflow/dags/dag-pipeline.py for tasks to queue
[2026-08-15T16:37:36.560+0000] {logging_mixin.py:154} INFO - [2026-08-15T16:37:36.560+0000] {dagbag.py:536} INFO - Filling up the DagBag from /opt/airflow/dags/dag-pipeline.py
[2026-08-15T16:37:36.571+0000] {processor.py:839} INFO - DAG(s) dict_keys(['ecommerce_analytics_engine']) retrieved from /opt/airflow/dags/dag-pipeline.py
[2026-08-15T16:37:36.587+0000] {logging_mixin.py:154} INFO - [2026-08-15T16:37:36.587+0000] {dag.py:2941} INFO - Sync 1 DAGs
[2026-08-15T16:37:36.598+0000] {logging_mixin.py:154} INFO - [2026-08-15T16:37:36.598+0000] {dag.py:3722} INFO - Setting next_dagrun for ecommerce_analytics_engine to 2026-08-15T16:00:00+00:00, run_after=2026-08-15T17:00:00+00:00
[2026-08-15T16:37:36.605+0000] {processor.py:179} INFO - Processing /opt/airflow/dags/dag-pipeline.py took 0.048 seconds
[2026-08-15T16:38:06.773+0000] {processor.py:157} INFO - Started process (PID=192) to work on /opt/airflow/dags/dag-pipeline.py
[2026-08-15T16:38:06.774+0000] {processor.py:829} INFO - Processing file /opt/airflow/dags/dag-pipeline.py for tasks to queue
[2026-08-15T16:38:06.774+0000] {logging_mixin.py:154} INFO - [2026-08-15T16:38:06.774+0000] {dagbag.py:536} INFO - Filling up the DagBag from /opt/airflow/dags/dag-pipeline.py
[2026-08-15T16:38:06.785+0000] {processor.py:839} INFO - DAG(s) dict_keys(['ecommerce_analytics_engine']) retrieved from /opt/airflow/dags/dag-pipeline.py
[2026-08-15T16:38:06.800+0000] {logging_mixin.py:154} INFO - [2026-08-15T16:38:06.800+0000] {dag.py:2941} INFO - Sync 1 DAGs
[2026-08-15T16:38:06.811+0000] {logging_mixin.py:154} INFO - [2026-08-15T16:38:06.811+0000] {dag.py:3722} INFO - Setting next_dagrun for ecommerce_analytics_engine to 2026-08-15T16:00:00+00:00, run_after=2026-08-15T17:00:00+00:00
[2026-08-15T16:38:06.818+0000] {processor.py:179} INFO - Processing /opt/airflow/dags/dag-pipeline.py took 0.046 seconds
[2026-08-15T16:38:36.964+0000] {processor.py:157} INFO - Started process (PID=197) to work on /opt/airflow/dags/dag-pipeline.py
[2026-08-15T16:38:36.964+0000] {processor.py:829} INFO - Processing file /opt/airflow/dags/dag-pipeline.py for tasks to queue
[2026-08-15T16:38:36.965+0000] {logging_mixin.py:154} INFO - [2026-08-15T16:38:36.965+0000] {dagbag.py:536} INFO - Filling up the DagBag from /opt/airflow/dags/dag-pipeline.py
[2026-08-15T16:38:36.972+0000] {processor.py:839} INFO - DAG(s) dict_keys(['ecommerce_analytics_engine']) retrieved from /opt/airflow/dags/dag-pipeline.py
[2026-08-15T16:38:36.985+0000] {logging_mixin.py:154} INFO - [2026-08-15T16:38:36.985+0000] {dag.py:2941} INFO - Sync 1 DAGs
[2026-08-15T16:38:36.993+0000] {logging_mixin.py:154} INFO - [2026-08-15T16:38:36.993+0000] {dag.py:3722} INFO - Setting next_dagrun for ecommerce_analytics_engine to 2026-08-15T16:00:00+00:00, run_after=2026-08-15T17:00:00+00:00
[2026-08-15T16:38:36.999+0000] {processor.py:179} INFO - Processing /opt/airflow/dags/dag-pipeline.py took 0.037 seconds
[2026-08-15T16:39:07.177+0000] {processor.py:157} INFO - Started process (PID=202) to work on /opt/airflow/dags/dag-pipeline.py
[2026-08-15T16:39:07.177+0000] {processor.py:829} INFO - Processing file /opt/airflow/dags/dag-pipeline.py for tasks to queue
[2026-08-15T16:39:07.178+0000] {logging_mixin.py:154} INFO - [2026-08-15T16:39:07.177+0000] {dagbag.py:536} INFO - Filling up the DagBag from /opt/airflow/dags/dag-pipeline.py
[2026-08-15T16:39:07.190+0000] {processor.py:839} INFO - DAG(s) dict_keys(['ecommerce_analytics_engine']) retrieved from /opt/airflow/dags/dag-pipeline.py
[2026-08-15T16:39:07.207+0000] {logging_mixin.py:154} INFO - [2026-08-15T16:39:07.207+0000] {dag.py:2941} INFO - Sync 1 DAGs
[2026-08-15T16:39:07.218+0000] {logging_mixin.py:154} INFO - [2026-08-15T16:39:07.218+0000] {dag.py:3722} INFO - Setting next_dagrun for ecommerce_analytics_engine to 2026-08-15T16:00:00+00:00, run_after=2026-08-15T17:00:00+00:00
[2026-08-15T16:39:07.224+0000] {processor.py:179} INFO - Processing /opt/airflow/dags/dag-pipeline.py took 0.050 seconds
[2026-08-15T16:39:37.396+0000] {processor.py:157} INFO - Started process (PID=207) to work on /opt/airflow/dags/dag-pipeline.py
[2026-08-15T16:39:37.396+0000] {processor.py:829} INFO - Processing file /opt/airflow/dags/dag-pipeline.py for tasks to queue
[2026-08-15T16:39:37.397+0000] {logging_mixin.py:154} INFO - [2026-08-15T16:39:37.397+0000] {dagbag.py:536} INFO - Filling up the DagBag from /opt/airflow/dags/dag-pipeline.py
[2026-08-15T16:39:37.410+0000] {processor.py:839} INFO - DAG(s) dict_keys(['ecommerce_analytics_engine']) retrieved from /opt/airflow/dags/dag-pipeline.py
[2026-08-15T16:39:37.427+0000] {logging_mixin.py:154} INFO - [2026-08-15T16:39:37.427+0000] {dag.py:2941} INFO - Sync 1 DAGs
[2026-08-15T16:39:37.438+0000] {logging_mixin.py:154} INFO - [2026-08-15T16:39:37.438+0000] {dag.py:3722} INFO - Setting next_dagrun for ecommerce_analytics_engine to 2026-08-15T16:00:00+00:00, run_after=2026-08-15T17:00:00+00:00
[2026-08-15T16:39:37.444+0000] {processor.py:179} INFO - Processing /opt/airflow/dags/dag-pipeline.py took 0.051 seconds
[2026-08-15T16:40:07.627+0000] {processor.py:157} INFO - Started process (PID=212) to work on /opt/airflow/dags/dag-pipeline.py
[2026-08-15T16:40:07.628+0000] {processor.py:829} INFO - Processing file /opt/airflow/dags/dag-pipeline.py for tasks to queue
[2026-08-15T16:40:07.628+0000] {logging_mixin.py:154} INFO - [2026-08-15T16:40:07.628+0000] {dagbag.py:536} INFO - Filling up the DagBag from /opt/airflow/dags/dag-pipeline.py
[2026-08-15T16:40:07.641+0000] {processor.py:839} INFO - DAG(s) dict_keys(['ecommerce_analytics_engine']) retrieved from /opt/airflow/dags/dag-pipeline.py
[2026-08-15T16:40:07.655+0000] {logging_mixin.py:154} INFO - [2026-08-15T16:40:07.655+0000] {dag.py:2941} INFO - Sync 1 DAGs
[2026-08-15T16:40:07.665+0000] {logging_mixin.py:154} INFO - [2026-08-15T16:40:07.665+0000] {dag.py:3722} INFO - Setting next_dagrun for ecommerce_analytics_engine to 2026-08-15T16:00:00+00:00, run_after=2026-08-15T17:00:00+00:00
[2026-08-15T16:40:07.671+0000] {processor.py:179} INFO - Processing /opt/airflow/dags/dag-pipeline.py took 0.047 seconds
[2026-08-15T16:40:37.838+0000] {processor.py:157} INFO - Started process (PID=217) to work on /opt/airflow/dags/dag-pipeline.py
[2026-08-15T16:40:37.838+0000] {processor.py:829} INFO - Processing file /opt/airflow/dags/dag-pipeline.py for tasks to queue
[2026-08-15T16:40:37.839+0000] {logging_mixin.py:154} INFO - [2026-08-15T16:40:37.839+0000] {dagbag.py:536} INFO - Filling up the DagBag from /opt/airflow/dags/dag-pipeline.py
[2026-08-15T16:40:37.845+0000] {processor.py:839} INFO - DAG(s) dict_keys(['ecommerce_analytics_engine']) retrieved from /opt/airflow/dags/dag-pipeline.py
[2026-08-15T16:40:37.855+0000] {logging_mixin.py:154} INFO - [2026-08-15T16:40:37.855+0000] {dag.py:2941} INFO - Sync 1 DAGs
[2026-08-15T16:40:37.863+0000] {logging_mixin.py:154} INFO - [2026-08-15T16:40:37.863+0000] {dag.py:3722} INFO - Setting next_dagrun for ecommerce_analytics_engine to 2026-08-15T16:00:00+00:00, run_after=2026-08-15T17:00:00+00:00
[2026-08-15T16:40:37.868+0000] {processor.py:179} INFO - Processing /opt/airflow/dags/dag-pipeline.py took 0.032 seconds
[2026-08-15T16:41:08.092+0000] {processor.py:157} INFO - Started process (PID=222) to work on /opt/airflow/dags/dag-pipeline.py
[2026-08-15T16:41:08.092+0000] {processor.py:829} INFO - Processing file /opt/airflow/dags/dag-pipeline.py for tasks to queue
[2026-08-15T16:41:08.093+0000] {logging_mixin.py:154} INFO - [2026-08-15T16:41:08.093+0000] {dagbag.py:536} INFO - Filling up the DagBag from /opt/airflow/dags/dag-pipeline.py
[2026-08-15T16:41:08.104+0000] {processor.py:839} INFO - DAG(s) dict_keys(['ecommerce_analytics_engine']) retrieved from /opt/airflow/dags/dag-pipeline.py
[2026-08-15T16:41:08.119+0000] {logging_mixin.py:154} INFO - [2026-08-15T16:41:08.119+0000] {dag.py:2941} INFO - Sync 1 DAGs
[2026-08-15T16:41:08.130+0000] {logging_mixin.py:154} INFO - [2026-08-15T16:41:08.130+0000] {dag.py:3722} INFO - Setting next_dagrun for ecommerce_analytics_engine to 2026-08-15T16:00:00+00:00, run_after=2026-08-15T17:00:00+00:00
[2026-08-15T16:41:08.136+0000] {processor.py:179} INFO - Processing /opt/airflow/dags/dag-pipeline.py took 0.047 seconds
[2026-08-15T16:41:38.360+0000] {processor.py:157} INFO - Started process (PID=227) to work on /opt/airflow/dags/dag-pipeline.py
[2026-08-15T16:41:38.361+0000] {processor.py:829} INFO - Processing file /opt/airflow/dags/dag-pipeline.py for tasks to queue
[2026-08-15T16:41:38.361+0000] {logging_mixin.py:154} INFO - [2026-08-15T16:41:38.361+0000] {dagbag.py:536} INFO - Filling up the DagBag from /opt/airflow/dags/dag-pipeline.py
[2026-08-15T16:41:38.372+0000] {processor.py:839} INFO - DAG(s) dict_keys(['ecommerce_analytics_engine']) retrieved from /opt/airflow/dags/dag-pipeline.py
[2026-08-15T16:41:38.386+0000] {logging_mixin.py:154} INFO - [2026-08-15T16:41:38.386+0000] {dag.py:2941} INFO - Sync 1 DAGs
[2026-08-15T16:41:38.396+0000] {logging_mixin.py:154} INFO - [2026-08-15T16:41:38.396+0000] {dag.py:3722} INFO - Setting next_dagrun for ecommerce_analytics_engine to 2026-08-15T16:00:00+00:00, run_after=2026-08-15T17:00:00+00:00
[2026-08-15T16:41:38.402+0000] {processor.py:179} INFO - Processing /opt/airflow/dags/dag-pipeline.py took 0.044 seconds
[2026-08-15T16:42:08.633+0000] {processor.py:157} INFO - Started process (PID=232) to work on /opt/airflow/dags/dag-pipeline.py
[2026-08-15T16:42:08.633+0000] {processor.py:829} INFO - Processing file /opt/airflow/dags/dag-pipeline.py for tasks to queue
[2026-08-15T16:42:08.633+0000] {logging_mixin.py:154} INFO - [2026-08-15T16:42:08.633+0000] {dagbag.py:536} INFO - Filling up the DagBag from /opt/airflow/dags/dag-pipeline.py
[2026-08-15T16:42:08.644+0000] {processor.py:839} INFO - DAG(s) dict_keys(['ecommerce_analytics_engine']) retrieved from /opt/airflow/dags/dag-pipeline.py
[2026-08-15T16:42:08.660+0000] {logging_mixin.py:154} INFO - [2026-08-15T16:42:08.660+0000] {dag.py:2941} INFO - Sync 1 DAGs
[2026-08-15T16:42:08.671+0000] {logging_mixin.py:154} INFO - [2026-08-15T16:42:08.671+0000] {dag.py:3722} INFO - Setting next_dagrun for ecommerce_analytics_engine to 2026-08-15T16:00:00+00:00, run_after=2026-08-15T17:00:00+00:00
[2026-08-15T16:42:08.678+0000] {processor.py:179} INFO - Processing /opt/airflow/dags/dag-pipeline.py took 0.047 seconds
[2026-08-15T16:42:38.874+0000] {processor.py:157} INFO - Started process (PID=237) to work on /opt/airflow/dags/dag-pipeline.py
[2026-08-15T16:42:38.875+0000] {processor.py:829} INFO - Processing file /opt/airflow/dags/dag-pipeline.py for tasks to queue
[2026-08-15T16:42:38.876+0000] {logging_mixin.py:154} INFO - [2026-08-15T16:42:38.875+0000] {dagbag.py:536} INFO - Filling up the DagBag from /opt/airflow/dags/dag-pipeline.py
[2026-08-15T16:42:38.886+0000] {processor.py:839} INFO - DAG(s) dict_keys(['ecommerce_analytics_engine']) retrieved from /opt/airflow/dags/dag-pipeline.py
[2026-08-15T16:42:38.901+0000] {logging_mixin.py:154} INFO - [2026-08-15T16:42:38.901+0000] {dag.py:2941} INFO - Sync 1 DAGs
[2026-08-15T16:42:38.911+0000] {logging_mixin.py:154} INFO - [2026-08-15T16:42:38.911+0000] {dag.py:3722} INFO - Setting next_dagrun for ecommerce_analytics_engine to 2026-08-15T16:00:00+00:00, run_after=2026-08-15T17:00:00+00:00
[2026-08-15T16:42:38.917+0000] {processor.py:179} INFO - Processing /opt/airflow/dags/dag-pipeline.py took 0.045 seconds
[2026-08-15T16:43:09.106+0000] {processor.py:157} INFO - Started process (PID=242) to work on /opt/airflow/dags/dag-pipeline.py
[2026-08-15T16:43:09.106+0000] {processor.py:829} INFO - Processing file /opt/airflow/dags/dag-pipeline.py for tasks to queue
[2026-08-15T16:43:09.107+0000] {logging_mixin.py:154} INFO - [2026-08-15T16:43:09.107+0000] {dagbag.py:536} INFO - Filling up the DagBag from /opt/airflow/dags/dag-pipeline.py
[2026-08-15T16:43:09.117+0000] {processor.py:839} INFO - DAG(s) dict_keys(['ecommerce_analytics_engine']) retrieved from /opt/airflow/dags/dag-pipeline.py
[2026-08-15T16:43:09.131+0000] {logging_mixin.py:154} INFO - [2026-08-15T16:43:09.131+0000] {dag.py:2941} INFO - Sync 1 DAGs
[2026-08-15T16:43:09.141+0000] {logging_mixin.py:154} INFO - [2026-08-15T16:43:09.141+0000] {dag.py:3722} INFO - Setting next_dagrun for ecommerce_analytics_engine to 2026-08-15T16:00:00+00:00, run_after=2026-08-15T17:00:00+00:00
[2026-08-15T16:43:09.147+0000] {processor.py:179} INFO - Processing /opt/airflow/dags/dag-pipeline.py took 0.044 seconds
[2026-08-15T16:43:39.329+0000] {processor.py:157} INFO - Started process (PID=247) to work on /opt/airflow/dags/dag-pipeline.py
[2026-08-15T16:43:39.330+0000] {processor.py:829} INFO - Processing file /opt/airflow/dags/dag-pipeline.py for tasks to queue
[2026-08-15T16:43:39.330+0000] {logging_mixin.py:154} INFO - [2026-08-15T16:43:39.330+0000] {dagbag.py:536} INFO - Filling up the DagBag from /opt/airflow/dags/dag-pipeline.py
[2026-08-15T16:43:39.341+0000] {processor.py:839} INFO - DAG(s) dict_keys(['ecommerce_analytics_engine']) retrieved from /opt/airflow/dags/dag-pipeline.py
[2026-08-15T16:43:39.357+0000] {logging_mixin.py:154} INFO - [2026-08-15T16:43:39.356+0000] {dag.py:2941} INFO - Sync 1 DAGs
[2026-08-15T16:43:39.367+0000] {logging_mixin.py:154} INFO - [2026-08-15T16:43:39.367+0000] {dag.py:3722} INFO - Setting next_dagrun for ecommerce_analytics_engine to 2026-08-15T16:00:00+00:00, run_after=2026-08-15T17:00:00+00:00
[2026-08-15T16:43:39.374+0000] {processor.py:179} INFO - Processing /opt/airflow/dags/dag-pipeline.py took 0.047 seconds
[2026-08-15T16:44:09.587+0000] {processor.py:157} INFO - Started process (PID=252) to work on /opt/airflow/dags/dag-pipeline.py
[2026-08-15T16:44:09.588+0000] {processor.py:829} INFO - Processing file /opt/airflow/dags/dag-pipeline.py for tasks to queue
[2026-08-15T16:44:09.588+0000] {logging_mixin.py:154} INFO - [2026-08-15T16:44:09.588+0000] {dagbag.py:536} INFO - Filling up the DagBag from /opt/airflow/dags/dag-pipeline.py
[2026-08-15T16:44:09.600+0000] {processor.py:839} INFO - DAG(s) dict_keys(['ecommerce_analytics_engine']) retrieved from /opt/airflow/dags/dag-pipeline.py
[2026-08-15T16:44:09.615+0000] {logging_mixin.py:154} INFO - [2026-08-15T16:44:09.614+0000] {dag.py:2941} INFO - Sync 1 DAGs
[2026-08-15T16:44:09.626+0000] {logging_mixin.py:154} INFO - [2026-08-15T16:44:09.626+0000] {dag.py:3722} INFO - Setting next_dagrun for ecommerce_analytics_engine to 2026-08-15T16:00:00+00:00, run_after=2026-08-15T17:00:00+00:00
[2026-08-15T16:44:09.632+0000] {processor.py:179} INFO - Processing /opt/airflow/dags/dag-pipeline.py took 0.047 seconds
[2026-08-15T16:44:39.848+0000] {processor.py:157} INFO - Started process (PID=257) to work on /opt/airflow/dags/dag-pipeline.py
[2026-08-15T16:44:39.848+0000] {processor.py:829} INFO - Processing file /opt/airflow/dags/dag-pipeline.py for tasks to queue
[2026-08-15T16:44:39.849+0000] {logging_mixin.py:154} INFO - [2026-08-15T16:44:39.849+0000] {dagbag.py:536} INFO - Filling up the DagBag from /opt/airflow/dags/dag-pipeline.py
[2026-08-15T16:44:39.860+0000] {processor.py:839} INFO - DAG(s) dict_keys(['ecommerce_analytics_engine']) retrieved from /opt/airflow/dags/dag-pipeline.py
[2026-08-15T16:44:39.875+0000] {logging_mixin.py:154} INFO - [2026-08-15T16:44:39.874+0000] {dag.py:2941} INFO - Sync 1 DAGs
[2026-08-15T16:44:39.885+0000] {logging_mixin.py:154} INFO - [2026-08-15T16:44:39.884+0000] {dag.py:3722} INFO - Setting next_dagrun for ecommerce_analytics_engine to 2026-08-15T16:00:00+00:00, run_after=2026-08-15T17:00:00+00:00
[2026-08-15T16:44:39.891+0000] {processor.py:179} INFO - Processing /opt/airflow/dags/dag-pipeline.py took 0.045 seconds
[2026-08-15T16:45:10.094+0000] {processor.py:157} INFO - Started process (PID=262) to work on /opt/airflow/dags/dag-pipeline.py
[2026-08-15T16:45:10.094+0000] {processor.py:829} INFO - Processing file /opt/airflow/dags/dag-pipeline.py for tasks to queue
[2026-08-15T16:45:10.094+0000] {logging_mixin.py:154} INFO - [2026-08-15T16:45:10.094+0000] {dagbag.py:536} INFO - Filling up the DagBag from /opt/airflow/dags/dag-pipeline.py
[2026-08-15T16:45:10.102+0000] {processor.py:839} INFO - DAG(s) dict_keys(['ecommerce_analytics_engine']) retrieved from /opt/airflow/dags/dag-pipeline.py
[2026-08-15T16:45:10.112+0000] {logging_mixin.py:154} INFO - [2026-08-15T16:45:10.112+0000] {dag.py:2941} INFO - Sync 1 DAGs
[2026-08-15T16:45:10.119+0000] {logging_mixin.py:154} INFO - [2026-08-15T16:45:10.119+0000] {dag.py:3722} INFO - Setting next_dagrun for ecommerce_analytics_engine to 2026-08-15T16:00:00+00:00, run_after=2026-08-15T17:00:00+00:00
[2026-08-15T16:45:10.124+0000] {processor.py:179} INFO - Processing /opt/airflow/dags/dag-pipeline.py took 0.032 seconds
[2026-08-15T16:45:40.329+0000] {processor.py:157} INFO - Started process (PID=267) to work on /opt/airflow/dags/dag-pipeline.py
[2026-08-15T16:45:40.330+0000] {processor.py:829} INFO - Processing file /opt/airflow/dags/dag-pipeline.py for tasks to queue
[2026-08-15T16:45:40.330+0000] {logging_mixin.py:154} INFO - [2026-08-15T16:45:40.330+0000] {dagbag.py:536} INFO - Filling up the DagBag from /opt/airflow/dags/dag-pipeline.py
[2026-08-15T16:45:40.344+0000] {processor.py:839} INFO - DAG(s) dict_keys(['ecommerce_analytics_engine']) retrieved from /opt/airflow/dags/dag-pipeline.py
[2026-08-15T16:45:40.359+0000] {logging_mixin.py:154} INFO - [2026-08-15T16:45:40.359+0000] {dag.py:2941} INFO - Sync 1 DAGs
[2026-08-15T16:45:40.370+0000] {logging_mixin.py:154} INFO - [2026-08-15T16:45:40.370+0000] {dag.py:3722} INFO - Setting next_dagrun for ecommerce_analytics_engine to 2026-08-15T16:00:00+00:00, run_after=2026-08-15T17:00:00+00:00
[2026-08-15T16:45:40.376+0000] {processor.py:179} INFO - Processing /opt/airflow/dags/dag-pipeline.py took 0.049 seconds
[2026-08-15T16:46:10.580+0000] {processor.py:157} INFO - Started process (PID=272) to work on /opt/airflow/dags/dag-pipeline.py
[2026-08-15T16:46:10.580+0000] {processor.py:829} INFO - Processing file /opt/airflow/dags/dag-pipeline.py for tasks to queue
[2026-08-15T16:46:10.581+0000] {logging_mixin.py:154} INFO - [2026-08-15T16:46:10.581+0000] {dagbag.py:536} INFO - Filling up the DagBag from /opt/airflow/dags/dag-pipeline.py
[2026-08-15T16:46:10.593+0000] {processor.py:839} INFO - DAG(s) dict_keys(['ecommerce_analytics_engine']) retrieved from /opt/airflow/dags/dag-pipeline.py
[2026-08-15T16:46:10.609+0000] {logging_mixin.py:154} INFO - [2026-08-15T16:46:10.609+0000] {dag.py:2941} INFO - Sync 1 DAGs
[2026-08-15T16:46:10.619+0000] {logging_mixin.py:154} INFO - [2026-08-15T16:46:10.619+0000] {dag.py:3722} INFO - Setting next_dagrun for ecommerce_analytics_engine to 2026-08-15T16:00:00+00:00, run_after=2026-08-15T17:00:00+00:00
[2026-08-15T16:46:10.625+0000] {processor.py:179} INFO - Processing /opt/airflow/dags/dag-pipeline.py took 0.047 seconds
[2026-08-15T16:46:40.857+0000] {processor.py:157} INFO - Started process (PID=277) to work on /opt/airflow/dags/dag-pipeline.py
[2026-08-15T16:46:40.858+0000] {processor.py:829} INFO - Processing file /opt/airflow/dags/dag-pipeline.py for tasks to queue
[2026-08-15T16:46:40.858+0000] {logging_mixin.py:154} INFO - [2026-08-15T16:46:40.858+0000] {dagbag.py:536} INFO - Filling up the DagBag from /opt/airflow/dags/dag-pipeline.py
[2026-08-15T16:46:40.869+0000] {processor.py:839} INFO - DAG(s) dict_keys(['ecommerce_analytics_engine']) retrieved from /opt/airflow/dags/dag-pipeline.py
[2026-08-15T16:46:40.884+0000] {logging_mixin.py:154} INFO - [2026-08-15T16:46:40.883+0000] {dag.py:2941} INFO - Sync 1 DAGs
[2026-08-15T16:46:40.894+0000] {logging_mixin.py:154} INFO - [2026-08-15T16:46:40.894+0000] {dag.py:3722} INFO - Setting next_dagrun for ecommerce_analytics_engine to 2026-08-15T16:00:00+00:00, run_after=2026-08-15T17:00:00+00:00
[2026-08-15T16:46:40.901+0000] {processor.py:179} INFO - Processing /opt/airflow/dags/dag-pipeline.py took 0.046 seconds
[2026-08-15T16:47:11.099+0000] {processor.py:157} INFO - Started process (PID=282) to work on /opt/airflow/dags/dag-pipeline.py
[2026-08-15T16:47:11.099+0000] {processor.py:829} INFO - Processing file /opt/airflow/dags/dag-pipeline.py for tasks to queue
[2026-08-15T16:47:11.100+0000] {logging_mixin.py:154} INFO - [2026-08-15T16:47:11.100+0000] {dagbag.py:536} INFO - Filling up the DagBag from /opt/airflow/dags/dag-pipeline.py
[2026-08-15T16:47:11.112+0000] {processor.py:839} INFO - DAG(s) dict_keys(['ecommerce_analytics_engine']) retrieved from /opt/airflow/dags/dag-pipeline.py
[2026-08-15T16:47:11.127+0000] {logging_mixin.py:154} INFO - [2026-08-15T16:47:11.127+0000] {dag.py:2941} INFO - Sync 1 DAGs
[2026-08-15T16:47:11.137+0000] {logging_mixin.py:154} INFO - [2026-08-15T16:47:11.137+0000] {dag.py:3722} INFO - Setting next_dagrun for ecommerce_analytics_engine to 2026-08-15T16:00:00+00:00, run_after=2026-08-15T17:00:00+00:00
[2026-08-15T16:47:11.143+0000] {processor.py:179} INFO - Processing /opt/airflow/dags/dag-pipeline.py took 0.047 seconds
[2026-08-15T16:47:41.370+0000] {processor.py:157} INFO - Started process (PID=287) to work on /opt/airflow/dags/dag-pipeline.py
[2026-08-15T16:47:41.371+0000] {processor.py:829} INFO - Processing file /opt/airflow/dags/dag-pipeline.py for tasks to queue
[2026-08-15T16:47:41.371+0000] {logging_mixin.py:154} INFO - [2026-08-15T16:47:41.371+0000] {dagbag.py:536} INFO - Filling up the DagBag from /opt/airflow/dags/dag-pipeline.py
[2026-08-15T16:47:41.382+0000] {processor.py:839} INFO - DAG(s) dict_keys(['ecommerce_analytics_engine']) retrieved from /opt/airflow/dags/dag-pipeline.py
[2026-08-15T16:47:41.399+0000] {logging_mixin.py:154} INFO - [2026-08-15T16:47:41.399+0000] {dag.py:2941} INFO - Sync 1 DAGs
[2026-08-15T16:47:41.410+0000] {logging_mixin.py:154} INFO - [2026-08-15T16:47:41.410+0000] {dag.py:3722} INFO - Setting next_dagrun for ecommerce_analytics_engine to 2026-08-15T16:00:00+00:00, run_after=2026-08-15T17:00:00+00:00
[2026-08-15T16:47:41.416+0000] {processor.py:179} INFO - Processing /opt/airflow/dags/dag-pipeline.py took 0.048 seconds
[2026-08-15T16:48:11.649+0000] {processor.py:157} INFO - Started process (PID=292) to work on /opt/airflow/dags/dag-pipeline.py
[2026-08-15T16:48:11.649+0000] {processor.py:829} INFO - Processing file /opt/airflow/dags/dag-pipeline.py for tasks to queue
[2026-08-15T16:48:11.650+0000] {logging_mixin.py:154} INFO - [2026-08-15T16:48:11.649+0000] {dagbag.py:536} INFO - Filling up the DagBag from /opt/airflow/dags/dag-pipeline.py
[2026-08-15T16:48:11.660+0000] {processor.py:839} INFO - DAG(s) dict_keys(['ecommerce_analytics_engine']) retrieved from /opt/airflow/dags/dag-pipeline.py
[2026-08-15T16:48:11.675+0000] {logging_mixin.py:154} INFO - [2026-08-15T16:48:11.675+0000] {dag.py:2941} INFO - Sync 1 DAGs
[2026-08-15T16:48:11.686+0000] {logging_mixin.py:154} INFO - [2026-08-15T16:48:11.686+0000] {dag.py:3722} INFO - Setting next_dagrun for ecommerce_analytics_engine to 2026-08-15T16:00:00+00:00, run_after=2026-08-15T17:00:00+00:00
[2026-08-15T16:48:11.693+0000] {processor.py:179} INFO - Processing /opt/airflow/dags/dag-pipeline.py took 0.047 seconds
[2026-08-15T16:48:41.916+0000] {processor.py:157} INFO - Started process (PID=297) to work on /opt/airflow/dags/dag-pipeline.py
[2026-08-15T16:48:41.917+0000] {processor.py:829} INFO - Processing file /opt/airflow/dags/dag-pipeline.py for tasks to queue
[2026-08-15T16:48:41.917+0000] {logging_mixin.py:154} INFO - [2026-08-15T16:48:41.917+0000] {dagbag.py:536} INFO - Filling up the DagBag from /opt/airflow/dags/dag-pipeline.py
[2026-08-15T16:48:41.924+0000] {processor.py:839} INFO - DAG(s) dict_keys(['ecommerce_analytics_engine']) retrieved from /opt/airflow/dags/dag-pipeline.py
[2026-08-15T16:48:41.934+0000] {logging_mixin.py:154} INFO - [2026-08-15T16:48:41.934+0000] {dag.py:2941} INFO - Sync 1 DAGs
[2026-08-15T16:48:41.941+0000] {logging_mixin.py:154} INFO - [2026-08-15T16:48:41.941+0000] {dag.py:3722} INFO - Setting next_dagrun for ecommerce_analytics_engine to 2026-08-15T16:00:00+00:00, run_after=2026-08-15T17:00:00+00:00
[2026-08-15T16:48:41.947+0000] {processor.py:179} INFO - Processing /opt/airflow/dags/dag-pipeline.py took 0.032 seconds
[2026-08-15T16:49:12.189+0000] {processor.py:157} INFO - Started process (PID=302) to work on /opt/airflow/dags/dag-pipeline.py
[2026-08-15T16:49:12.189+0000] {processor.py:829} INFO - Processing file /opt/airflow/dags/dag-pipeline.py for tasks to queue
[2026-08-15T16:49:12.190+0000] {logging_mixin.py:154} INFO - [2026-08-15T16:49:12.190+0000] {dagbag.py:536} INFO - Filling up the DagBag from /opt/airflow/dags/dag-pipeline.py
[2026-08-15T16:49:12.201+0000] {processor.py:839} INFO - DAG(s) dict_keys(['ecommerce_analytics_engine']) retrieved from /opt/airflow/dags/dag-pipeline.py
[2026-08-15T16:49:12.216+0000] {logging_mixin.py:154} INFO - [2026-08-15T16:49:12.216+0000] {dag.py:2941} INFO - Sync 1 DAGs
[2026-08-15T16:49:12.227+0000] {logging_mixin.py:154} INFO - [2026-08-15T16:49:12.227+0000] {dag.py:3722} INFO - Setting next_dagrun for ecommerce_analytics_engine to 2026-08-15T16:00:00+00:00, run_after=2026-08-15T17:00:00+00:00
[2026-08-15T16:49:12.233+0000] {processor.py:179} INFO - Processing /opt/airflow/dags/dag-pipeline.py took 0.046 seconds
[2026-08-15T16:49:42.410+0000] {processor.py:157} INFO - Started process (PID=307) to work on /opt/airflow/dags/dag-pipeline.py
[2026-08-15T16:49:42.410+0000] {processor.py:829} INFO - Processing file /opt/airflow/dags/dag-pipeline.py for tasks to queue
[2026-08-15T16:49:42.411+0000] {logging_mixin.py:154} INFO - [2026-08-15T16:49:42.411+0000] {dagbag.py:536} INFO - Filling up the DagBag from /opt/airflow/dags/dag-pipeline.py
[2026-08-15T16:49:42.422+0000] {processor.py:839} INFO - DAG(s) dict_keys(['ecommerce_analytics_engine']) retrieved from /opt/airflow/dags/dag-pipeline.py
[2026-08-15T16:49:42.436+0000] {logging_mixin.py:154} INFO - [2026-08-15T16:49:42.436+0000] {dag.py:2941} INFO - Sync 1 DAGs
[2026-08-15T16:49:42.445+0000] {logging_mixin.py:154} INFO - [2026-08-15T16:49:42.445+0000] {dag.py:3722} INFO - Setting next_dagrun for ecommerce_analytics_engine to 2026-08-15T16:00:00+00:00, run_after=2026-08-15T17:00:00+00:00
[2026-08-15T16:49:42.451+0000] {processor.py:179} INFO - Processing /opt/airflow/dags/dag-pipeline.py took 0.045 seconds
[2026-08-15T16:50:12.644+0000] {processor.py:157} INFO - Started process (PID=312) to work on /opt/airflow/dags/dag-pipeline.py
[2026-08-15T16:50:12.644+0000] {processor.py:829} INFO - Processing file /opt/airflow/dags/dag-pipeline.py for tasks to queue
[2026-08-15T16:50:12.645+0000] {logging_mixin.py:154} INFO - [2026-08-15T16:50:12.645+0000] {dagbag.py:536} INFO - Filling up the DagBag from /opt/airflow/dags/dag-pipeline.py
[2026-08-15T16:50:12.655+0000] {processor.py:839} INFO - DAG(s) dict_keys(['ecommerce_analytics_engine']) retrieved from /opt/airflow/dags/dag-pipeline.py
[2026-08-15T16:50:12.669+0000] {logging_mixin.py:154} INFO - [2026-08-15T16:50:12.669+0000] {dag.py:2941} INFO - Sync 1 DAGs
[2026-08-15T16:50:12.680+0000] {logging_mixin.py:154} INFO - [2026-08-15T16:50:12.680+0000] {dag.py:3722} INFO - Setting next_dagrun for ecommerce_analytics_engine to 2026-08-15T16:00:00+00:00, run_after=2026-08-15T17:00:00+00:00
[2026-08-15T16:50:12.686+0000] {processor.py:179} INFO - Processing /opt/airflow/dags/dag-pipeline.py took 0.045 seconds
[2026-08-15T16:50:42.875+0000] {processor.py:157} INFO - Started process (PID=317) to work on /opt/airflow/dags/dag-pipeline.py
[2026-08-15T16:50:42.875+0000] {processor.py:829} INFO - Processing file /opt/airflow/dags/dag-pipeline.py for tasks to queue
[2026-08-15T16:50:42.876+0000] {logging_mixin.py:154} INFO - [2026-08-15T16:50:42.876+0000] {dagbag.py:536} INFO - Filling up the DagBag from /opt/airflow/dags/dag-pipeline.py
[2026-08-15T16:50:42.890+0000] {processor.py:839} INFO - DAG(s) dict_keys(['ecommerce_analytics_engine']) retrieved from /opt/airflow/dags/dag-pipeline.py
[2026-08-15T16:50:42.908+0000] {logging_mixin.py:154} INFO - [2026-08-15T16:50:42.908+0000] {dag.py:2941} INFO - Sync 1 DAGs
[2026-08-15T16:50:42.919+0000] {logging_mixin.py:154} INFO - [2026-08-15T16:50:42.919+0000] {dag.py:3722} INFO - Setting next_dagrun for ecommerce_analytics_engine to 2026-08-15T16:00:00+00:00, run_after=2026-08-15T17:00:00+00:00
[2026-08-15T16:50:42.925+0000] {processor.py:179} INFO - Processing /opt/airflow/dags/dag-pipeline.py took 0.052 seconds
[2026-08-15T16:51:13.115+0000] {processor.py:157} INFO - Started process (PID=322) to work on /opt/airflow/dags/dag-pipeline.py
[2026-08-15T16:51:13.116+0000] {processor.py:829} INFO - Processing file /opt/airflow/dags/dag-pipeline.py for tasks to queue
[2026-08-15T16:51:13.116+0000] {logging_mixin.py:154} INFO - [2026-08-15T16:51:13.116+0000] {dagbag.py:536} INFO - Filling up the DagBag from /opt/airflow/dags/dag-pipeline.py
[2026-08-15T16:51:13.128+0000] {processor.py:839} INFO - DAG(s) dict_keys(['ecommerce_analytics_engine']) retrieved from /opt/airflow/dags/dag-pipeline.py
[2026-08-15T16:51:13.144+0000] {logging_mixin.py:154} INFO - [2026-08-15T16:51:13.144+0000] {dag.py:2941} INFO - Sync 1 DAGs
[2026-08-15T16:51:13.154+0000] {logging_mixin.py:154} INFO - [2026-08-15T16:51:13.154+0000] {dag.py:3722} INFO - Setting next_dagrun for ecommerce_analytics_engine to 2026-08-15T16:00:00+00:00, run_after=2026-08-15T17:00:00+00:00
[2026-08-15T16:51:13.160+0000] {processor.py:179} INFO - Processing /opt/airflow/dags/dag-pipeline.py took 0.048 seconds
[2026-08-15T16:51:43.382+0000] {processor.py:157} INFO - Started process (PID=327) to work on /opt/airflow/dags/dag-pipeline.py
[2026-08-15T16:51:43.383+0000] {processor.py:829} INFO - Processing file /opt/airflow/dags/dag-pipeline.py for tasks to queue
[2026-08-15T16:51:43.383+0000] {logging_mixin.py:154} INFO - [2026-08-15T16:51:43.383+0000] {dagbag.py:536} INFO - Filling up the DagBag from /opt/airflow/dags/dag-pipeline.py
[2026-08-15T16:51:43.394+0000] {processor.py:839} INFO - DAG(s) dict_keys(['ecommerce_analytics_engine']) retrieved from /opt/airflow/dags/dag-pipeline.py
[2026-08-15T16:51:43.409+0000] {logging_mixin.py:154} INFO - [2026-08-15T16:51:43.409+0000] {dag.py:2941} INFO - Sync 1 DAGs
[2026-08-15T16:51:43.419+0000] {logging_mixin.py:154} INFO - [2026-08-15T16:51:43.419+0000] {dag.py:3722} INFO - Setting next_dagrun for ecommerce_analytics_engine to 2026-08-15T16:00:00+00:00, run_after=2026-08-15T17:00:00+00:00
[2026-08-15T16:51:43.425+0000] {processor.py:179} INFO - Processing /opt/airflow/dags/dag-pipeline.py took 0.045 seconds
[2026-08-15T16:52:13.653+0000] {processor.py:157} INFO - Started process (PID=332) to work on /opt/airflow/dags/dag-pipeline.py
[2026-08-15T16:52:13.653+0000] {processor.py:829} INFO - Processing file /opt/airflow/dags/dag-pipeline.py for tasks to queue
[2026-08-15T16:52:13.654+0000] {logging_mixin.py:154} INFO - [2026-08-15T16:52:13.653+0000] {dagbag.py:536} INFO - Filling up the DagBag from /opt/airflow/dags/dag-pipeline.py
[2026-08-15T16:52:13.665+0000] {processor.py:839} INFO - DAG(s) dict_keys(['ecommerce_analytics_engine']) retrieved from /opt/airflow/dags/dag-pipeline.py
[2026-08-15T16:52:13.680+0000] {logging_mixin.py:154} INFO - [2026-08-15T16:52:13.680+0000] {dag.py:2941} INFO - Sync 1 DAGs
[2026-08-15T16:52:13.690+0000] {logging_mixin.py:154} INFO - [2026-08-15T16:52:13.690+0000] {dag.py:3722} INFO - Setting next_dagrun for ecommerce_analytics_engine to 2026-08-15T16:00:00+00:00, run_after=2026-08-15T17:00:00+00:00
[2026-08-15T16:52:13.698+0000] {processor.py:179} INFO - Processing /opt/airflow/dags/dag-pipeline.py took 0.047 seconds
[2026-08-15T16:52:43.934+0000] {processor.py:157} INFO - Started process (PID=337) to work on /opt/airflow/dags/dag-pipeline.py
[2026-08-15T16:52:43.934+0000] {processor.py:829} INFO - Processing file /opt/airflow/dags/dag-pipeline.py for tasks to queue
[2026-08-15T16:52:43.935+0000] {logging_mixin.py:154} INFO - [2026-08-15T16:52:43.935+0000] {dagbag.py:536} INFO - Filling up the DagBag from /opt/airflow/dags/dag-pipeline.py
[2026-08-15T16:52:43.946+0000] {processor.py:839} INFO - DAG(s) dict_keys(['ecommerce_analytics_engine']) retrieved from /opt/airflow/dags/dag-pipeline.py
[2026-08-15T16:52:43.961+0000] {logging_mixin.py:154} INFO - [2026-08-15T16:52:43.961+0000] {dag.py:2941} INFO - Sync 1 DAGs
[2026-08-15T16:52:43.972+0000] {logging_mixin.py:154} INFO - [2026-08-15T16:52:43.972+0000] {dag.py:3722} INFO - Setting next_dagrun for ecommerce_analytics_engine to 2026-08-15T16:00:00+00:00, run_after=2026-08-15T17:00:00+00:00
[2026-08-15T16:52:43.978+0000] {processor.py:179} INFO - Processing /opt/airflow/dags/dag-pipeline.py took 0.046 seconds
[2026-08-15T16:53:14.181+0000] {processor.py:157} INFO - Started process (PID=342) to work on /opt/airflow/dags/dag-pipeline.py
[2026-08-15T16:53:14.182+0000] {processor.py:829} INFO - Processing file /opt/airflow/dags/dag-pipeline.py for tasks to queue
[2026-08-15T16:53:14.183+0000] {logging_mixin.py:154} INFO - [2026-08-15T16:53:14.182+0000] {dagbag.py:536} INFO - Filling up the DagBag from /opt/airflow/dags/dag-pipeline.py
[2026-08-15T16:53:14.192+0000] {processor.py:839} INFO - DAG(s) dict_keys(['ecommerce_analytics_engine']) retrieved from /opt/airflow/dags/dag-pipeline.py
[2026-08-15T16:53:14.205+0000] {logging_mixin.py:154} INFO - [2026-08-15T16:53:14.205+0000] {dag.py:2941} INFO - Sync 1 DAGs
[2026-08-15T16:53:14.214+0000] {logging_mixin.py:154} INFO - [2026-08-15T16:53:14.214+0000] {dag.py:3722} INFO - Setting next_dagrun for ecommerce_analytics_engine to 2026-08-15T16:00:00+00:00, run_after=2026-08-15T17:00:00+00:00
[2026-08-15T16:53:14.220+0000] {processor.py:179} INFO - Processing /opt/airflow/dags/dag-pipeline.py took 0.041 seconds
[2026-08-15T16:53:44.446+0000] {processor.py:157} INFO - Started process (PID=347) to work on /opt/airflow/dags/dag-pipeline.py
[2026-08-15T16:53:44.446+0000] {processor.py:829} INFO - Processing file /opt/airflow/dags/dag-pipeline.py for tasks to queue
[2026-08-15T16:53:44.447+0000] {logging_mixin.py:154} INFO - [2026-08-15T16:53:44.447+0000] {dagbag.py:536} INFO - Filling up the DagBag from /opt/airflow/dags/dag-pipeline.py
[2026-08-15T16:53:44.457+0000] {processor.py:839} INFO - DAG(s) dict_keys(['ecommerce_analytics_engine']) retrieved from /opt/airflow/dags/dag-pipeline.py
[2026-08-15T16:53:44.473+0000] {logging_mixin.py:154} INFO - [2026-08-15T16:53:44.473+0000] {dag.py:2941} INFO - Sync 1 DAGs
[2026-08-15T16:53:44.484+0000] {logging_mixin.py:154} INFO - [2026-08-15T16:53:44.484+0000] {dag.py:3722} INFO - Setting next_dagrun for ecommerce_analytics_engine to 2026-08-15T16:00:00+00:00, run_after=2026-08-15T17:00:00+00:00
[2026-08-15T16:53:44.490+0000] {processor.py:179} INFO - Processing /opt/airflow/dags/dag-pipeline.py took 0.046 seconds
[2026-08-15T16:54:14.733+0000] {processor.py:157} INFO - Started process (PID=352) to work on /opt/airflow/dags/dag-pipeline.py
[2026-08-15T16:54:14.734+0000] {processor.py:829} INFO - Processing file /opt/airflow/dags/dag-pipeline.py for tasks to queue
[2026-08-15T16:54:14.734+0000] {logging_mixin.py:154} INFO - [2026-08-15T16:54:14.734+0000] {dagbag.py:536} INFO - Filling up the DagBag from /opt/airflow/dags/dag-pipeline.py
[2026-08-15T16:54:14.744+0000] {processor.py:839} INFO - DAG(s) dict_keys(['ecommerce_analytics_engine']) retrieved from /opt/airflow/dags/dag-pipeline.py
[2026-08-15T16:54:14.760+0000] {logging_mixin.py:154} INFO - [2026-08-15T16:54:14.760+0000] {dag.py:2941} INFO - Sync 1 DAGs
[2026-08-15T16:54:14.771+0000] {logging_mixin.py:154} INFO - [2026-08-15T16:54:14.771+0000] {dag.py:3722} INFO - Setting next_dagrun for ecommerce_analytics_engine to 2026-08-15T16:00:00+00:00, run_after=2026-08-15T17:00:00+00:00
[2026-08-15T16:54:14.777+0000] {processor.py:179} INFO - Processing /opt/airflow/dags/dag-pipeline.py took 0.046 seconds
[2026-08-15T16:54:44.992+0000] {processor.py:157} INFO - Started process (PID=364) to work on /opt/airflow/dags/dag-pipeline.py
[2026-08-15T16:54:44.992+0000] {processor.py:829} INFO - Processing file /opt/airflow/dags/dag-pipeline.py for tasks to queue
[2026-08-15T16:54:44.993+0000] {logging_mixin.py:154} INFO - [2026-08-15T16:54:44.992+0000] {dagbag.py:536} INFO - Filling up the DagBag from /opt/airflow/dags/dag-pipeline.py
[2026-08-15T16:54:45.003+0000] {processor.py:839} INFO - DAG(s) dict_keys(['ecommerce_analytics_engine']) retrieved from /opt/airflow/dags/dag-pipeline.py
[2026-08-15T16:54:45.018+0000] {logging_mixin.py:154} INFO - [2026-08-15T16:54:45.018+0000] {dag.py:2941} INFO - Sync 1 DAGs
[2026-08-15T16:54:45.029+0000] {logging_mixin.py:154} INFO - [2026-08-15T16:54:45.029+0000] {dag.py:3722} INFO - Setting next_dagrun for ecommerce_analytics_engine to 2026-08-15T16:00:00+00:00, run_after=2026-08-15T17:00:00+00:00
[2026-08-15T16:54:45.035+0000] {processor.py:179} INFO - Processing /opt/airflow/dags/dag-pipeline.py took 0.046 seconds
[2026-08-15T16:55:15.241+0000] {processor.py:157} INFO - Started process (PID=369) to work on /opt/airflow/dags/dag-pipeline.py
[2026-08-15T16:55:15.242+0000] {processor.py:829} INFO - Processing file /opt/airflow/dags/dag-pipeline.py for tasks to queue
[2026-08-15T16:55:15.242+0000] {logging_mixin.py:154} INFO - [2026-08-15T16:55:15.242+0000] {dagbag.py:536} INFO - Filling up the DagBag from /opt/airflow/dags/dag-pipeline.py
[2026-08-15T16:55:15.253+0000] {processor.py:839} INFO - DAG(s) dict_keys(['ecommerce_analytics_engine']) retrieved from /opt/airflow/dags/dag-pipeline.py
[2026-08-15T16:55:15.269+0000] {logging_mixin.py:154} INFO - [2026-08-15T16:55:15.269+0000] {dag.py:2941} INFO - Sync 1 DAGs
[2026-08-15T16:55:15.280+0000] {logging_mixin.py:154} INFO - [2026-08-15T16:55:15.280+0000] {dag.py:3722} INFO - Setting next_dagrun for ecommerce_analytics_engine to 2026-08-15T16:00:00+00:00, run_after=2026-08-15T17:00:00+00:00
[2026-08-15T16:55:15.287+0000] {processor.py:179} INFO - Processing /opt/airflow/dags/dag-pipeline.py took 0.048 seconds
[2026-08-15T16:55:45.496+0000] {processor.py:157} INFO - Started process (PID=375) to work on /opt/airflow/dags/dag-pipeline.py
[2026-08-15T16:55:45.497+0000] {processor.py:829} INFO - Processing file /opt/airflow/dags/dag-pipeline.py for tasks to queue
[2026-08-15T16:55:45.497+0000] {logging_mixin.py:154} INFO - [2026-08-15T16:55:45.497+0000] {dagbag.py:536} INFO - Filling up the DagBag from /opt/airflow/dags/dag-pipeline.py
[2026-08-15T16:55:45.508+0000] {processor.py:839} INFO - DAG(s) dict_keys(['ecommerce_analytics_engine']) retrieved from /opt/airflow/dags/dag-pipeline.py
[2026-08-15T16:55:45.523+0000] {logging_mixin.py:154} INFO - [2026-08-15T16:55:45.523+0000] {dag.py:2941} INFO - Sync 1 DAGs
[2026-08-15T16:55:45.534+0000] {logging_mixin.py:154} INFO - [2026-08-15T16:55:45.534+0000] {dag.py:3722} INFO - Setting next_dagrun for ecommerce_analytics_engine to 2026-08-15T16:00:00+00:00, run_after=2026-08-15T17:00:00+00:00
[2026-08-15T16:55:45.540+0000] {processor.py:179} INFO - Processing /opt/airflow/dags/dag-pipeline.py took 0.046 seconds
[2026-08-15T16:56:15.728+0000] {processor.py:157} INFO - Started process (PID=467) to work on /opt/airflow/dags/dag-pipeline.py
[2026-08-15T16:56:15.729+0000] {processor.py:829} INFO - Processing file /opt/airflow/dags/dag-pipeline.py for tasks to queue
[2026-08-15T16:56:15.729+0000] {logging_mixin.py:154} INFO - [2026-08-15T16:56:15.729+0000] {dagbag.py:536} INFO - Filling up the DagBag from /opt/airflow/dags/dag-pipeline.py
[2026-08-15T16:56:15.740+0000] {processor.py:839} INFO - DAG(s) dict_keys(['ecommerce_analytics_engine']) retrieved from /opt/airflow/dags/dag-pipeline.py
[2026-08-15T16:56:15.756+0000] {logging_mixin.py:154} INFO - [2026-08-15T16:56:15.756+0000] {dag.py:2941} INFO - Sync 1 DAGs
[2026-08-15T16:56:15.767+0000] {logging_mixin.py:154} INFO - [2026-08-15T16:56:15.767+0000] {dag.py:3722} INFO - Setting next_dagrun for ecommerce_analytics_engine to 2026-08-15T16:00:00+00:00, run_after=2026-08-15T17:00:00+00:00
[2026-08-15T16:56:15.774+0000] {processor.py:179} INFO - Processing /opt/airflow/dags/dag-pipeline.py took 0.047 seconds
[2026-08-15T16:56:45.966+0000] {processor.py:157} INFO - Started process (PID=472) to work on /opt/airflow/dags/dag-pipeline.py
[2026-08-15T16:56:45.966+0000] {processor.py:829} INFO - Processing file /opt/airflow/dags/dag-pipeline.py for tasks to queue
[2026-08-15T16:56:45.967+0000] {logging_mixin.py:154} INFO - [2026-08-15T16:56:45.967+0000] {dagbag.py:536} INFO - Filling up the DagBag from /opt/airflow/dags/dag-pipeline.py
[2026-08-15T16:56:45.976+0000] {processor.py:839} INFO - DAG(s) dict_keys(['ecommerce_analytics_engine']) retrieved from /opt/airflow/dags/dag-pipeline.py
[2026-08-15T16:56:45.990+0000] {logging_mixin.py:154} INFO - [2026-08-15T16:56:45.990+0000] {dag.py:2941} INFO - Sync 1 DAGs
[2026-08-15T16:56:45.999+0000] {logging_mixin.py:154} INFO - [2026-08-15T16:56:45.999+0000] {dag.py:3722} INFO - Setting next_dagrun for ecommerce_analytics_engine to 2026-08-15T16:00:00+00:00, run_after=2026-08-15T17:00:00+00:00
[2026-08-15T16:56:46.005+0000] {processor.py:179} INFO - Processing /opt/airflow/dags/dag-pipeline.py took 0.041 seconds
[2026-08-15T16:57:16.182+0000] {processor.py:157} INFO - Started process (PID=477) to work on /opt/airflow/dags/dag-pipeline.py
[2026-08-15T16:57:16.182+0000] {processor.py:829} INFO - Processing file /opt/airflow/dags/dag-pipeline.py for tasks to queue
[2026-08-15T16:57:16.182+0000] {logging_mixin.py:154} INFO - [2026-08-15T16:57:16.182+0000] {dagbag.py:536} INFO - Filling up the DagBag from /opt/airflow/dags/dag-pipeline.py
[2026-08-15T16:57:16.193+0000] {processor.py:839} INFO - DAG(s) dict_keys(['ecommerce_analytics_engine']) retrieved from /opt/airflow/dags/dag-pipeline.py
[2026-08-15T16:57:16.209+0000] {logging_mixin.py:154} INFO - [2026-08-15T16:57:16.209+0000] {dag.py:2941} INFO - Sync 1 DAGs
[2026-08-15T16:57:16.219+0000] {logging_mixin.py:154} INFO - [2026-08-15T16:57:16.219+0000] {dag.py:3722} INFO - Setting next_dagrun for ecommerce_analytics_engine to 2026-08-15T16:00:00+00:00, run_after=2026-08-15T17:00:00+00:00
[2026-08-15T16:57:16.225+0000] {processor.py:179} INFO - Processing /opt/airflow/dags/dag-pipeline.py took 0.045 seconds
[2026-08-15T16:57:46.390+0000] {processor.py:157} INFO - Started process (PID=482) to work on /opt/airflow/dags/dag-pipeline.py
[2026-08-15T16:57:46.391+0000] {processor.py:829} INFO - Processing file /opt/airflow/dags/dag-pipeline.py for tasks to queue
[2026-08-15T16:57:46.392+0000] {logging_mixin.py:154} INFO - [2026-08-15T16:57:46.391+0000] {dagbag.py:536} INFO - Filling up the DagBag from /opt/airflow/dags/dag-pipeline.py
[2026-08-15T16:57:46.401+0000] {processor.py:839} INFO - DAG(s) dict_keys(['ecommerce_analytics_engine']) retrieved from /opt/airflow/dags/dag-pipeline.py
[2026-08-15T16:57:46.415+0000] {logging_mixin.py:154} INFO - [2026-08-15T16:57:46.415+0000] {dag.py:2941} INFO - Sync 1 DAGs
[2026-08-15T16:57:46.425+0000] {logging_mixin.py:154} INFO - [2026-08-15T16:57:46.425+0000] {dag.py:3722} INFO - Setting next_dagrun for ecommerce_analytics_engine to 2026-08-15T16:00:00+00:00, run_after=2026-08-15T17:00:00+00:00
[2026-08-15T16:57:46.431+0000] {processor.py:179} INFO - Processing /opt/airflow/dags/dag-pipeline.py took 0.043 seconds
[2026-08-15T16:58:16.624+0000] {processor.py:157} INFO - Started process (PID=487) to work on /opt/airflow/dags/dag-pipeline.py
[2026-08-15T16:58:16.624+0000] {processor.py:829} INFO - Processing file /opt/airflow/dags/dag-pipeline.py for tasks to queue
[2026-08-15T16:58:16.625+0000] {logging_mixin.py:154} INFO - [2026-08-15T16:58:16.625+0000] {dagbag.py:536} INFO - Filling up the DagBag from /opt/airflow/dags/dag-pipeline.py
[2026-08-15T16:58:16.635+0000] {processor.py:839} INFO - DAG(s) dict_keys(['ecommerce_analytics_engine']) retrieved from /opt/airflow/dags/dag-pipeline.py
[2026-08-15T16:58:16.651+0000] {logging_mixin.py:154} INFO - [2026-08-15T16:58:16.651+0000] {dag.py:2941} INFO - Sync 1 DAGs
[2026-08-15T16:58:16.661+0000] {logging_mixin.py:154} INFO - [2026-08-15T16:58:16.661+0000] {dag.py:3722} INFO - Setting next_dagrun for ecommerce_analytics_engine to 2026-08-15T16:00:00+00:00, run_after=2026-08-15T17:00:00+00:00
[2026-08-15T16:58:16.667+0000] {processor.py:179} INFO - Processing /opt/airflow/dags/dag-pipeline.py took 0.045 seconds
[2026-08-15T16:58:46.839+0000] {processor.py:157} INFO - Started process (PID=492) to work on /opt/airflow/dags/dag-pipeline.py
[2026-08-15T16:58:46.839+0000] {processor.py:829} INFO - Processing file /opt/airflow/dags/dag-pipeline.py for tasks to queue
[2026-08-15T16:58:46.840+0000] {logging_mixin.py:154} INFO - [2026-08-15T16:58:46.840+0000] {dagbag.py:536} INFO - Filling up the DagBag from /opt/airflow/dags/dag-pipeline.py
[2026-08-15T16:58:46.850+0000] {processor.py:839} INFO - DAG(s) dict_keys(['ecommerce_analytics_engine']) retrieved from /opt/airflow/dags/dag-pipeline.py
[2026-08-15T16:58:46.865+0000] {logging_mixin.py:154} INFO - [2026-08-15T16:58:46.865+0000] {dag.py:2941} INFO - Sync 1 DAGs
[2026-08-15T16:58:46.874+0000] {logging_mixin.py:154} INFO - [2026-08-15T16:58:46.874+0000] {dag.py:3722} INFO - Setting next_dagrun for ecommerce_analytics_engine to 2026-08-15T16:00:00+00:00, run_after=2026-08-15T17:00:00+00:00
[2026-08-15T16:58:46.880+0000] {processor.py:179} INFO - Processing /opt/airflow/dags/dag-pipeline.py took 0.043 seconds
[2026-08-15T16:59:17.065+0000] {processor.py:157} INFO - Started process (PID=497) to work on /opt/airflow/dags/dag-pipeline.py
[2026-08-15T16:59:17.065+0000] {processor.py:829} INFO - Processing file /opt/airflow/dags/dag-pipeline.py for tasks to queue
[2026-08-15T16:59:17.066+0000] {logging_mixin.py:154} INFO - [2026-08-15T16:59:17.066+0000] {dagbag.py:536} INFO - Filling up the DagBag from /opt/airflow/dags/dag-pipeline.py
[2026-08-15T16:59:17.076+0000] {processor.py:839} INFO - DAG(s) dict_keys(['ecommerce_analytics_engine']) retrieved from /opt/airflow/dags/dag-pipeline.py
[2026-08-15T16:59:17.093+0000] {logging_mixin.py:154} INFO - [2026-08-15T16:59:17.093+0000] {dag.py:2941} INFO - Sync 1 DAGs
[2026-08-15T16:59:17.102+0000] {logging_mixin.py:154} INFO - [2026-08-15T16:59:17.102+0000] {dag.py:3722} INFO - Setting next_dagrun for ecommerce_analytics_engine to 2026-08-15T16:00:00+00:00, run_after=2026-08-15T17:00:00+00:00
[2026-08-15T16:59:17.108+0000] {processor.py:179} INFO - Processing /opt/airflow/dags/dag-pipeline.py took 0.045 seconds
[2026-08-15T16:59:47.300+0000] {processor.py:157} INFO - Started process (PID=502) to work on /opt/airflow/dags/dag-pipeline.py
[2026-08-15T16:59:47.300+0000] {processor.py:829} INFO - Processing file /opt/airflow/dags/dag-pipeline.py for tasks to queue
[2026-08-15T16:59:47.301+0000] {logging_mixin.py:154} INFO - [2026-08-15T16:59:47.301+0000] {dagbag.py:536} INFO - Filling up the DagBag from /opt/airflow/dags/dag-pipeline.py
[2026-08-15T16:59:47.311+0000] {processor.py:839} INFO - DAG(s) dict_keys(['ecommerce_analytics_engine']) retrieved from /opt/airflow/dags/dag-pipeline.py
[2026-08-15T16:59:47.323+0000] {logging_mixin.py:154} INFO - [2026-08-15T16:59:47.323+0000] {dag.py:2941} INFO - Sync 1 DAGs
[2026-08-15T16:59:47.331+0000] {logging_mixin.py:154} INFO - [2026-08-15T16:59:47.331+0000] {dag.py:3722} INFO - Setting next_dagrun for ecommerce_analytics_engine to 2026-08-15T16:00:00+00:00, run_after=2026-08-15T17:00:00+00:00
[2026-08-15T16:59:47.337+0000] {processor.py:179} INFO - Processing /opt/airflow/dags/dag-pipeline.py took 0.039 seconds
[2026-08-15T17:00:17.516+0000] {processor.py:157} INFO - Started process (PID=584) to work on /opt/airflow/dags/dag-pipeline.py
[2026-08-15T17:00:17.517+0000] {processor.py:829} INFO - Processing file /opt/airflow/dags/dag-pipeline.py for tasks to queue
[2026-08-15T17:00:17.518+0000] {logging_mixin.py:154} INFO - [2026-08-15T17:00:17.517+0000] {dagbag.py:536} INFO - Filling up the DagBag from /opt/airflow/dags/dag-pipeline.py
[2026-08-15T17:00:17.528+0000] {processor.py:839} INFO - DAG(s) dict_keys(['ecommerce_analytics_engine']) retrieved from /opt/airflow/dags/dag-pipeline.py
[2026-08-15T17:00:17.543+0000] {logging_mixin.py:154} INFO - [2026-08-15T17:00:17.543+0000] {dag.py:2941} INFO - Sync 1 DAGs
[2026-08-15T17:00:17.553+0000] {logging_mixin.py:154} INFO - [2026-08-15T17:00:17.553+0000] {dag.py:3722} INFO - Setting next_dagrun for ecommerce_analytics_engine to 2026-08-15T17:00:00+00:00, run_after=2026-08-15T18:00:00+00:00
[2026-08-15T17:00:17.559+0000] {processor.py:179} INFO - Processing /opt/airflow/dags/dag-pipeline.py took 0.045 seconds
[2026-08-15T17:00:47.740+0000] {processor.py:157} INFO - Started process (PID=589) to work on /opt/airflow/dags/dag-pipeline.py
[2026-08-15T17:00:47.741+0000] {processor.py:829} INFO - Processing file /opt/airflow/dags/dag-pipeline.py for tasks to queue
[2026-08-15T17:00:47.741+0000] {logging_mixin.py:154} INFO - [2026-08-15T17:00:47.741+0000] {dagbag.py:536} INFO - Filling up the DagBag from /opt/airflow/dags/dag-pipeline.py
[2026-08-15T17:00:47.752+0000] {processor.py:839} INFO - DAG(s) dict_keys(['ecommerce_analytics_engine']) retrieved from /opt/airflow/dags/dag-pipeline.py
[2026-08-15T17:00:47.767+0000] {logging_mixin.py:154} INFO - [2026-08-15T17:00:47.767+0000] {dag.py:2941} INFO - Sync 1 DAGs
[2026-08-15T17:00:47.777+0000] {logging_mixin.py:154} INFO - [2026-08-15T17:00:47.777+0000] {dag.py:3722} INFO - Setting next_dagrun for ecommerce_analytics_engine to 2026-08-15T17:00:00+00:00, run_after=2026-08-15T18:00:00+00:00
[2026-08-15T17:00:47.783+0000] {processor.py:179} INFO - Processing /opt/airflow/dags/dag-pipeline.py took 0.045 seconds
[2026-08-15T17:01:17.941+0000] {processor.py:157} INFO - Started process (PID=594) to work on /opt/airflow/dags/dag-pipeline.py
[2026-08-15T17:01:17.941+0000] {processor.py:829} INFO - Processing file /opt/airflow/dags/dag-pipeline.py for tasks to queue
[2026-08-15T17:01:17.941+0000] {logging_mixin.py:154} INFO - [2026-08-15T17:01:17.941+0000] {dagbag.py:536} INFO - Filling up the DagBag from /opt/airflow/dags/dag-pipeline.py
[2026-08-15T17:01:17.947+0000] {processor.py:839} INFO - DAG(s) dict_keys(['ecommerce_analytics_engine']) retrieved from /opt/airflow/dags/dag-pipeline.py
[2026-08-15T17:01:17.956+0000] {logging_mixin.py:154} INFO - [2026-08-15T17:01:17.956+0000] {dag.py:2941} INFO - Sync 1 DAGs
[2026-08-15T17:01:17.963+0000] {logging_mixin.py:154} INFO - [2026-08-15T17:01:17.963+0000] {dag.py:3722} INFO - Setting next_dagrun for ecommerce_analytics_engine to 2026-08-15T17:00:00+00:00, run_after=2026-08-15T18:00:00+00:00
[2026-08-15T17:01:17.968+0000] {processor.py:179} INFO - Processing /opt/airflow/dags/dag-pipeline.py took 0.029 seconds
[2026-08-15T17:01:48.201+0000] {processor.py:157} INFO - Started process (PID=599) to work on /opt/airflow/dags/dag-pipeline.py
[2026-08-15T17:01:48.202+0000] {processor.py:829} INFO - Processing file /opt/airflow/dags/dag-pipeline.py for tasks to queue
[2026-08-15T17:01:48.202+0000] {logging_mixin.py:154} INFO - [2026-08-15T17:01:48.202+0000] {dagbag.py:536} INFO - Filling up the DagBag from /opt/airflow/dags/dag-pipeline.py
[2026-08-15T17:01:48.213+0000] {processor.py:839} INFO - DAG(s) dict_keys(['ecommerce_analytics_engine']) retrieved from /opt/airflow/dags/dag-pipeline.py
[2026-08-15T17:01:48.229+0000] {logging_mixin.py:154} INFO - [2026-08-15T17:01:48.229+0000] {dag.py:2941} INFO - Sync 1 DAGs
[2026-08-15T17:01:48.240+0000] {logging_mixin.py:154} INFO - [2026-08-15T17:01:48.240+0000] {dag.py:3722} INFO - Setting next_dagrun for ecommerce_analytics_engine to 2026-08-15T17:00:00+00:00, run_after=2026-08-15T18:00:00+00:00
[2026-08-15T17:01:48.246+0000] {processor.py:179} INFO - Processing /opt/airflow/dags/dag-pipeline.py took 0.048 seconds
[2026-08-15T17:02:18.520+0000] {processor.py:157} INFO - Started process (PID=604) to work on /opt/airflow/dags/dag-pipeline.py
[2026-08-15T17:02:18.520+0000] {processor.py:829} INFO - Processing file /opt/airflow/dags/dag-pipeline.py for tasks to queue
[2026-08-15T17:02:18.521+0000] {logging_mixin.py:154} INFO - [2026-08-15T17:02:18.520+0000] {dagbag.py:536} INFO - Filling up the DagBag from /opt/airflow/dags/dag-pipeline.py
[2026-08-15T17:02:18.532+0000] {processor.py:839} INFO - DAG(s) dict_keys(['ecommerce_analytics_engine']) retrieved from /opt/airflow/dags/dag-pipeline.py
[2026-08-15T17:02:18.548+0000] {logging_mixin.py:154} INFO - [2026-08-15T17:02:18.548+0000] {dag.py:2941} INFO - Sync 1 DAGs
[2026-08-15T17:02:18.559+0000] {logging_mixin.py:154} INFO - [2026-08-15T17:02:18.559+0000] {dag.py:3722} INFO - Setting next_dagrun for ecommerce_analytics_engine to 2026-08-15T17:00:00+00:00, run_after=2026-08-15T18:00:00+00:00
[2026-08-15T17:02:18.565+0000] {processor.py:179} INFO - Processing /opt/airflow/dags/dag-pipeline.py took 0.048 seconds
[2026-08-15T17:02:48.884+0000] {processor.py:157} INFO - Started process (PID=609) to work on /opt/airflow/dags/dag-pipeline.py
[2026-08-15T17:02:48.884+0000] {processor.py:829} INFO - Processing file /opt/airflow/dags/dag-pipeline.py for tasks to queue
[2026-08-15T17:02:48.885+0000] {logging_mixin.py:154} INFO - [2026-08-15T17:02:48.885+0000] {dagbag.py:536} INFO - Filling up the DagBag from /opt/airflow/dags/dag-pipeline.py
[2026-08-15T17:02:48.896+0000] {processor.py:839} INFO - DAG(s) dict_keys(['ecommerce_analytics_engine']) retrieved from /opt/airflow/dags/dag-pipeline.py
[2026-08-15T17:02:48.911+0000] {logging_mixin.py:154} INFO - [2026-08-15T17:02:48.911+0000] {dag.py:2941} INFO - Sync 1 DAGs
[2026-08-15T17:02:48.922+0000] {logging_mixin.py:154} INFO - [2026-08-15T17:02:48.922+0000] {dag.py:3722} INFO - Setting next_dagrun for ecommerce_analytics_engine to 2026-08-15T17:00:00+00:00, run_after=2026-08-15T18:00:00+00:00
[2026-08-15T17:02:48.929+0000] {processor.py:179} INFO - Processing /opt/airflow/dags/dag-pipeline.py took 0.047 seconds
[2026-08-15T17:03:19.223+0000] {processor.py:157} INFO - Started process (PID=614) to work on /opt/airflow/dags/dag-pipeline.py
[2026-08-15T17:03:19.223+0000] {processor.py:829} INFO - Processing file /opt/airflow/dags/dag-pipeline.py for tasks to queue
[2026-08-15T17:03:19.224+0000] {logging_mixin.py:154} INFO - [2026-08-15T17:03:19.224+0000] {dagbag.py:536} INFO - Filling up the DagBag from /opt/airflow/dags/dag-pipeline.py
[2026-08-15T17:03:19.235+0000] {processor.py:839} INFO - DAG(s) dict_keys(['ecommerce_analytics_engine']) retrieved from /opt/airflow/dags/dag-pipeline.py
[2026-08-15T17:03:19.249+0000] {logging_mixin.py:154} INFO - [2026-08-15T17:03:19.249+0000] {dag.py:2941} INFO - Sync 1 DAGs
[2026-08-15T17:03:19.259+0000] {logging_mixin.py:154} INFO - [2026-08-15T17:03:19.259+0000] {dag.py:3722} INFO - Setting next_dagrun for ecommerce_analytics_engine to 2026-08-15T17:00:00+00:00, run_after=2026-08-15T18:00:00+00:00
[2026-08-15T17:03:19.265+0000] {processor.py:179} INFO - Processing /opt/airflow/dags/dag-pipeline.py took 0.045 seconds
[2026-08-15T17:03:49.630+0000] {processor.py:157} INFO - Started process (PID=619) to work on /opt/airflow/dags/dag-pipeline.py
[2026-08-15T17:03:49.630+0000] {processor.py:829} INFO - Processing file /opt/airflow/dags/dag-pipeline.py for tasks to queue
[2026-08-15T17:03:49.631+0000] {logging_mixin.py:154} INFO - [2026-08-15T17:03:49.630+0000] {dagbag.py:536} INFO - Filling up the DagBag from /opt/airflow/dags/dag-pipeline.py
[2026-08-15T17:03:49.641+0000] {processor.py:839} INFO - DAG(s) dict_keys(['ecommerce_analytics_engine']) retrieved from /opt/airflow/dags/dag-pipeline.py
[2026-08-15T17:03:49.657+0000] {logging_mixin.py:154} INFO - [2026-08-15T17:03:49.657+0000] {dag.py:2941} INFO - Sync 1 DAGs
[2026-08-15T17:03:49.668+0000] {logging_mixin.py:154} INFO - [2026-08-15T17:03:49.667+0000] {dag.py:3722} INFO - Setting next_dagrun for ecommerce_analytics_engine to 2026-08-15T17:00:00+00:00, run_after=2026-08-15T18:00:00+00:00
[2026-08-15T17:03:49.677+0000] {processor.py:179} INFO - Processing /opt/airflow/dags/dag-pipeline.py took 0.049 seconds
[2026-08-15T17:04:20.005+0000] {processor.py:157} INFO - Started process (PID=624) to work on /opt/airflow/dags/dag-pipeline.py
[2026-08-15T17:04:20.005+0000] {processor.py:829} INFO - Processing file /opt/airflow/dags/dag-pipeline.py for tasks to queue
[2026-08-15T17:04:20.006+0000] {logging_mixin.py:154} INFO - [2026-08-15T17:04:20.005+0000] {dagbag.py:536} INFO - Filling up the DagBag from /opt/airflow/dags/dag-pipeline.py
[2026-08-15T17:04:20.017+0000] {processor.py:839} INFO - DAG(s) dict_keys(['ecommerce_analytics_engine']) retrieved from /opt/airflow/dags/dag-pipeline.py
[2026-08-15T17:04:20.032+0000] {logging_mixin.py:154} INFO - [2026-08-15T17:04:20.031+0000] {dag.py:2941} INFO - Sync 1 DAGs
[2026-08-15T17:04:20.042+0000] {logging_mixin.py:154} INFO - [2026-08-15T17:04:20.042+0000] {dag.py:3722} INFO - Setting next_dagrun for ecommerce_analytics_engine to 2026-08-15T17:00:00+00:00, run_after=2026-08-15T18:00:00+00:00
[2026-08-15T17:04:20.048+0000] {processor.py:179} INFO - Processing /opt/airflow/dags/dag-pipeline.py took 0.046 seconds
[2026-08-15T17:04:50.339+0000] {processor.py:157} INFO - Started process (PID=629) to work on /opt/airflow/dags/dag-pipeline.py
[2026-08-15T17:04:50.340+0000] {processor.py:829} INFO - Processing file /opt/airflow/dags/dag-pipeline.py for tasks to queue
[2026-08-15T17:04:50.340+0000] {logging_mixin.py:154} INFO - [2026-08-15T17:04:50.340+0000] {dagbag.py:536} INFO - Filling up the DagBag from /opt/airflow/dags/dag-pipeline.py
[2026-08-15T17:04:50.347+0000] {processor.py:839} INFO - DAG(s) dict_keys(['ecommerce_analytics_engine']) retrieved from /opt/airflow/dags/dag-pipeline.py
[2026-08-15T17:04:50.359+0000] {logging_mixin.py:154} INFO - [2026-08-15T17:04:50.359+0000] {dag.py:2941} INFO - Sync 1 DAGs
[2026-08-15T17:04:50.368+0000] {logging_mixin.py:154} INFO - [2026-08-15T17:04:50.368+0000] {dag.py:3722} INFO - Setting next_dagrun for ecommerce_analytics_engine to 2026-08-15T17:00:00+00:00, run_after=2026-08-15T18:00:00+00:00
[2026-08-15T17:04:50.373+0000] {processor.py:179} INFO - Processing /opt/airflow/dags/dag-pipeline.py took 0.036 seconds
[2026-08-15T17:05:20.715+0000] {processor.py:157} INFO - Started process (PID=634) to work on /opt/airflow/dags/dag-pipeline.py
[2026-08-15T17:05:20.715+0000] {processor.py:829} INFO - Processing file /opt/airflow/dags/dag-pipeline.py for tasks to queue
[2026-08-15T17:05:20.716+0000] {logging_mixin.py:154} INFO - [2026-08-15T17:05:20.716+0000] {dagbag.py:536} INFO - Filling up the DagBag from /opt/airflow/dags/dag-pipeline.py
[2026-08-15T17:05:20.726+0000] {processor.py:839} INFO - DAG(s) dict_keys(['ecommerce_analytics_engine']) retrieved from /opt/airflow/dags/dag-pipeline.py
[2026-08-15T17:05:20.743+0000] {logging_mixin.py:154} INFO - [2026-08-15T17:05:20.742+0000] {dag.py:2941} INFO - Sync 1 DAGs
[2026-08-15T17:05:20.753+0000] {logging_mixin.py:154} INFO - [2026-08-15T17:05:20.753+0000] {dag.py:3722} INFO - Setting next_dagrun for ecommerce_analytics_engine to 2026-08-15T17:00:00+00:00, run_after=2026-08-15T18:00:00+00:00
[2026-08-15T17:05:20.760+0000] {processor.py:179} INFO - Processing /opt/airflow/dags/dag-pipeline.py took 0.047 seconds
[2026-08-15T17:05:51.013+0000] {processor.py:157} INFO - Started process (PID=639) to work on /opt/airflow/dags/dag-pipeline.py
[2026-08-15T17:05:51.014+0000] {processor.py:829} INFO - Processing file /opt/airflow/dags/dag-pipeline.py for tasks to queue
[2026-08-15T17:05:51.015+0000] {logging_mixin.py:154} INFO - [2026-08-15T17:05:51.014+0000] {dagbag.py:536} INFO - Filling up the DagBag from /opt/airflow/dags/dag-pipeline.py
[2026-08-15T17:05:51.027+0000] {processor.py:839} INFO - DAG(s) dict_keys(['ecommerce_analytics_engine']) retrieved from /opt/airflow/dags/dag-pipeline.py
[2026-08-15T17:05:51.042+0000] {logging_mixin.py:154} INFO - [2026-08-15T17:05:51.042+0000] {dag.py:2941} INFO - Sync 1 DAGs
[2026-08-15T17:05:51.052+0000] {logging_mixin.py:154} INFO - [2026-08-15T17:05:51.052+0000] {dag.py:3722} INFO - Setting next_dagrun for ecommerce_analytics_engine to 2026-08-15T17:00:00+00:00, run_after=2026-08-15T18:00:00+00:00
[2026-08-15T17:05:51.057+0000] {processor.py:179} INFO - Processing /opt/airflow/dags/dag-pipeline.py took 0.047 seconds
[2026-08-15T17:06:21.233+0000] {processor.py:157} INFO - Started process (PID=644) to work on /opt/airflow/dags/dag-pipeline.py
[2026-08-15T17:06:21.233+0000] {processor.py:829} INFO - Processing file /opt/airflow/dags/dag-pipeline.py for tasks to queue
[2026-08-15T17:06:21.234+0000] {logging_mixin.py:154} INFO - [2026-08-15T17:06:21.233+0000] {dagbag.py:536} INFO - Filling up the DagBag from /opt/airflow/dags/dag-pipeline.py
[2026-08-15T17:06:21.244+0000] {processor.py:839} INFO - DAG(s) dict_keys(['ecommerce_analytics_engine']) retrieved from /opt/airflow/dags/dag-pipeline.py
[2026-08-15T17:06:21.261+0000] {logging_mixin.py:154} INFO - [2026-08-15T17:06:21.261+0000] {dag.py:2941} INFO - Sync 1 DAGs
[2026-08-15T17:06:21.271+0000] {logging_mixin.py:154} INFO - [2026-08-15T17:06:21.271+0000] {dag.py:3722} INFO - Setting next_dagrun for ecommerce_analytics_engine to 2026-08-15T17:00:00+00:00, run_after=2026-08-15T18:00:00+00:00
[2026-08-15T17:06:21.278+0000] {processor.py:179} INFO - Processing /opt/airflow/dags/dag-pipeline.py took 0.048 seconds
[2026-08-15T17:06:51.750+0000] {processor.py:157} INFO - Started process (PID=649) to work on /opt/airflow/dags/dag-pipeline.py
[2026-08-15T17:06:51.751+0000] {processor.py:829} INFO - Processing file /opt/airflow/dags/dag-pipeline.py for tasks to queue
[2026-08-15T17:06:51.752+0000] {logging_mixin.py:154} INFO - [2026-08-15T17:06:51.751+0000] {dagbag.py:536} INFO - Filling up the DagBag from /opt/airflow/dags/dag-pipeline.py
[2026-08-15T17:06:51.768+0000] {processor.py:839} INFO - DAG(s) dict_keys(['ecommerce_analytics_engine']) retrieved from /opt/airflow/dags/dag-pipeline.py
[2026-08-15T17:06:51.789+0000] {logging_mixin.py:154} INFO - [2026-08-15T17:06:51.789+0000] {dag.py:2941} INFO - Sync 1 DAGs
[2026-08-15T17:06:51.799+0000] {logging_mixin.py:154} INFO - [2026-08-15T17:06:51.799+0000] {dag.py:3722} INFO - Setting next_dagrun for ecommerce_analytics_engine to 2026-08-15T17:00:00+00:00, run_after=2026-08-15T18:00:00+00:00
[2026-08-15T17:06:51.805+0000] {processor.py:179} INFO - Processing /opt/airflow/dags/dag-pipeline.py took 0.060 seconds
[2026-08-15T17:14:01.150+0000] {processor.py:157} INFO - Started process (PID=654) to work on /opt/airflow/dags/dag-pipeline.py
[2026-08-15T17:14:01.151+0000] {processor.py:829} INFO - Processing file /opt/airflow/dags/dag-pipeline.py for tasks to queue
[2026-08-15T17:14:01.151+0000] {logging_mixin.py:154} INFO - [2026-08-15T17:14:01.151+0000] {dagbag.py:536} INFO - Filling up the DagBag from /opt/airflow/dags/dag-pipeline.py
[2026-08-15T17:14:01.164+0000] {processor.py:839} INFO - DAG(s) dict_keys(['ecommerce_analytics_engine']) retrieved from /opt/airflow/dags/dag-pipeline.py
[2026-08-15T17:14:01.178+0000] {logging_mixin.py:154} INFO - [2026-08-15T17:14:01.178+0000] {dag.py:2941} INFO - Sync 1 DAGs
[2026-08-15T17:14:01.189+0000] {logging_mixin.py:154} INFO - [2026-08-15T17:14:01.188+0000] {dag.py:3722} INFO - Setting next_dagrun for ecommerce_analytics_engine to 2026-08-15T17:00:00+00:00, run_after=2026-08-15T18:00:00+00:00
[2026-08-15T17:14:01.195+0000] {processor.py:179} INFO - Processing /opt/airflow/dags/dag-pipeline.py took 0.047 seconds
[2026-08-15T17:14:31.429+0000] {processor.py:157} INFO - Started process (PID=661) to work on /opt/airflow/dags/dag-pipeline.py
[2026-08-15T17:14:31.430+0000] {processor.py:829} INFO - Processing file /opt/airflow/dags/dag-pipeline.py for tasks to queue
[2026-08-15T17:14:31.431+0000] {logging_mixin.py:154} INFO - [2026-08-15T17:14:31.431+0000] {dagbag.py:536} INFO - Filling up the DagBag from /opt/airflow/dags/dag-pipeline.py
[2026-08-15T17:14:31.445+0000] {processor.py:839} INFO - DAG(s) dict_keys(['ecommerce_analytics_engine']) retrieved from /opt/airflow/dags/dag-pipeline.py
[2026-08-15T17:14:31.461+0000] {logging_mixin.py:154} INFO - [2026-08-15T17:14:31.461+0000] {dag.py:2941} INFO - Sync 1 DAGs
[2026-08-15T17:14:31.471+0000] {logging_mixin.py:154} INFO - [2026-08-15T17:14:31.471+0000] {dag.py:3722} INFO - Setting next_dagrun for ecommerce_analytics_engine to 2026-08-15T17:00:00+00:00, run_after=2026-08-15T18:00:00+00:00
[2026-08-15T17:14:31.476+0000] {processor.py:179} INFO - Processing /opt/airflow/dags/dag-pipeline.py took 0.050 seconds
[2026-08-15T17:15:01.694+0000] {processor.py:157} INFO - Started process (PID=666) to work on /opt/airflow/dags/dag-pipeline.py
[2026-08-15T17:15:01.695+0000] {processor.py:829} INFO - Processing file /opt/airflow/dags/dag-pipeline.py for tasks to queue
[2026-08-15T17:15:01.695+0000] {logging_mixin.py:154} INFO - [2026-08-15T17:15:01.695+0000] {dagbag.py:536} INFO - Filling up the DagBag from /opt/airflow/dags/dag-pipeline.py
[2026-08-15T17:15:01.706+0000] {processor.py:839} INFO - DAG(s) dict_keys(['ecommerce_analytics_engine']) retrieved from /opt/airflow/dags/dag-pipeline.py
[2026-08-15T17:15:01.722+0000] {logging_mixin.py:154} INFO - [2026-08-15T17:15:01.722+0000] {dag.py:2941} INFO - Sync 1 DAGs
[2026-08-15T17:15:01.733+0000] {logging_mixin.py:154} INFO - [2026-08-15T17:15:01.733+0000] {dag.py:3722} INFO - Setting next_dagrun for ecommerce_analytics_engine to 2026-08-15T17:00:00+00:00, run_after=2026-08-15T18:00:00+00:00
[2026-08-15T17:15:01.739+0000] {processor.py:179} INFO - Processing /opt/airflow/dags/dag-pipeline.py took 0.047 seconds
[2026-08-15T17:15:31.956+0000] {processor.py:157} INFO - Started process (PID=671) to work on /opt/airflow/dags/dag-pipeline.py
[2026-08-15T17:15:31.956+0000] {processor.py:829} INFO - Processing file /opt/airflow/dags/dag-pipeline.py for tasks to queue
[2026-08-15T17:15:31.957+0000] {logging_mixin.py:154} INFO - [2026-08-15T17:15:31.957+0000] {dagbag.py:536} INFO - Filling up the DagBag from /opt/airflow/dags/dag-pipeline.py
[2026-08-15T17:15:31.966+0000] {processor.py:839} INFO - DAG(s) dict_keys(['ecommerce_analytics_engine']) retrieved from /opt/airflow/dags/dag-pipeline.py
[2026-08-15T17:15:31.981+0000] {logging_mixin.py:154} INFO - [2026-08-15T17:15:31.981+0000] {dag.py:2941} INFO - Sync 1 DAGs
[2026-08-15T17:15:31.991+0000] {logging_mixin.py:154} INFO - [2026-08-15T17:15:31.991+0000] {dag.py:3722} INFO - Setting next_dagrun for ecommerce_analytics_engine to 2026-08-15T17:00:00+00:00, run_after=2026-08-15T18:00:00+00:00
[2026-08-15T17:15:31.997+0000] {processor.py:179} INFO - Processing /opt/airflow/dags/dag-pipeline.py took 0.044 seconds
[2026-08-15T17:16:02.214+0000] {processor.py:157} INFO - Started process (PID=676) to work on /opt/airflow/dags/dag-pipeline.py
[2026-08-15T17:16:02.215+0000] {processor.py:829} INFO - Processing file /opt/airflow/dags/dag-pipeline.py for tasks to queue
[2026-08-15T17:16:02.215+0000] {logging_mixin.py:154} INFO - [2026-08-15T17:16:02.215+0000] {dagbag.py:536} INFO - Filling up the DagBag from /opt/airflow/dags/dag-pipeline.py
[2026-08-15T17:16:02.226+0000] {processor.py:839} INFO - DAG(s) dict_keys(['ecommerce_analytics_engine']) retrieved from /opt/airflow/dags/dag-pipeline.py
[2026-08-15T17:16:02.241+0000] {logging_mixin.py:154} INFO - [2026-08-15T17:16:02.241+0000] {dag.py:2941} INFO - Sync 1 DAGs
[2026-08-15T17:16:02.251+0000] {logging_mixin.py:154} INFO - [2026-08-15T17:16:02.251+0000] {dag.py:3722} INFO - Setting next_dagrun for ecommerce_analytics_engine to 2026-08-15T17:00:00+00:00, run_after=2026-08-15T18:00:00+00:00
[2026-08-15T17:16:02.258+0000] {processor.py:179} INFO - Processing /opt/airflow/dags/dag-pipeline.py took 0.046 seconds
[2026-08-15T17:16:32.441+0000] {processor.py:157} INFO - Started process (PID=681) to work on /opt/airflow/dags/dag-pipeline.py
[2026-08-15T17:16:32.441+0000] {processor.py:829} INFO - Processing file /opt/airflow/dags/dag-pipeline.py for tasks to queue
[2026-08-15T17:16:32.442+0000] {logging_mixin.py:154} INFO - [2026-08-15T17:16:32.442+0000] {dagbag.py:536} INFO - Filling up the DagBag from /opt/airflow/dags/dag-pipeline.py
[2026-08-15T17:16:32.452+0000] {processor.py:839} INFO - DAG(s) dict_keys(['ecommerce_analytics_engine']) retrieved from /opt/airflow/dags/dag-pipeline.py
[2026-08-15T17:16:32.468+0000] {logging_mixin.py:154} INFO - [2026-08-15T17:16:32.468+0000] {dag.py:2941} INFO - Sync 1 DAGs
[2026-08-15T17:16:32.479+0000] {logging_mixin.py:154} INFO - [2026-08-15T17:16:32.479+0000] {dag.py:3722} INFO - Setting next_dagrun for ecommerce_analytics_engine to 2026-08-15T17:00:00+00:00, run_after=2026-08-15T18:00:00+00:00
[2026-08-15T17:16:32.485+0000] {processor.py:179} INFO - Processing /opt/airflow/dags/dag-pipeline.py took 0.046 seconds
[2026-08-15T17:17:02.689+0000] {processor.py:157} INFO - Started process (PID=686) to work on /opt/airflow/dags/dag-pipeline.py
[2026-08-15T17:17:02.690+0000] {processor.py:829} INFO - Processing file /opt/airflow/dags/dag-pipeline.py for tasks to queue
[2026-08-15T17:17:02.690+0000] {logging_mixin.py:154} INFO - [2026-08-15T17:17:02.690+0000] {dagbag.py:536} INFO - Filling up the DagBag from /opt/airflow/dags/dag-pipeline.py
[2026-08-15T17:17:02.700+0000] {processor.py:839} INFO - DAG(s) dict_keys(['ecommerce_analytics_engine']) retrieved from /opt/airflow/dags/dag-pipeline.py
[2026-08-15T17:17:02.716+0000] {logging_mixin.py:154} INFO - [2026-08-15T17:17:02.716+0000] {dag.py:2941} INFO - Sync 1 DAGs
[2026-08-15T17:17:02.726+0000] {logging_mixin.py:154} INFO - [2026-08-15T17:17:02.726+0000] {dag.py:3722} INFO - Setting next_dagrun for ecommerce_analytics_engine to 2026-08-15T17:00:00+00:00, run_after=2026-08-15T18:00:00+00:00
[2026-08-15T17:17:02.733+0000] {processor.py:179} INFO - Processing /opt/airflow/dags/dag-pipeline.py took 0.046 seconds
[2026-08-15T17:17:32.934+0000] {processor.py:157} INFO - Started process (PID=691) to work on /opt/airflow/dags/dag-pipeline.py
[2026-08-15T17:17:32.935+0000] {processor.py:829} INFO - Processing file /opt/airflow/dags/dag-pipeline.py for tasks to queue
[2026-08-15T17:17:32.935+0000] {logging_mixin.py:154} INFO - [2026-08-15T17:17:32.935+0000] {dagbag.py:536} INFO - Filling up the DagBag from /opt/airflow/dags/dag-pipeline.py
[2026-08-15T17:17:32.949+0000] {processor.py:839} INFO - DAG(s) dict_keys(['ecommerce_analytics_engine']) retrieved from /opt/airflow/dags/dag-pipeline.py
[2026-08-15T17:17:32.969+0000] {logging_mixin.py:154} INFO - [2026-08-15T17:17:32.969+0000] {dag.py:2941} INFO - Sync 1 DAGs
[2026-08-15T17:17:32.980+0000] {logging_mixin.py:154} INFO - [2026-08-15T17:17:32.980+0000] {dag.py:3722} INFO - Setting next_dagrun for ecommerce_analytics_engine to 2026-08-15T17:00:00+00:00, run_after=2026-08-15T18:00:00+00:00
[2026-08-15T17:17:32.986+0000] {processor.py:179} INFO - Processing /opt/airflow/dags/dag-pipeline.py took 0.056 seconds
[2026-08-15T17:18:03.208+0000] {processor.py:157} INFO - Started process (PID=696) to work on /opt/airflow/dags/dag-pipeline.py
[2026-08-15T17:18:03.208+0000] {processor.py:829} INFO - Processing file /opt/airflow/dags/dag-pipeline.py for tasks to queue
[2026-08-15T17:18:03.209+0000] {logging_mixin.py:154} INFO - [2026-08-15T17:18:03.209+0000] {dagbag.py:536} INFO - Filling up the DagBag from /opt/airflow/dags/dag-pipeline.py
[2026-08-15T17:18:03.221+0000] {processor.py:839} INFO - DAG(s) dict_keys(['ecommerce_analytics_engine']) retrieved from /opt/airflow/dags/dag-pipeline.py
[2026-08-15T17:18:03.237+0000] {logging_mixin.py:154} INFO - [2026-08-15T17:18:03.236+0000] {dag.py:2941} INFO - Sync 1 DAGs
[2026-08-15T17:18:03.247+0000] {logging_mixin.py:154} INFO - [2026-08-15T17:18:03.247+0000] {dag.py:3722} INFO - Setting next_dagrun for ecommerce_analytics_engine to 2026-08-15T17:00:00+00:00, run_after=2026-08-15T18:00:00+00:00
[2026-08-15T17:18:03.254+0000] {processor.py:179} INFO - Processing /opt/airflow/dags/dag-pipeline.py took 0.048 seconds
[2026-08-15T17:18:33.488+0000] {processor.py:157} INFO - Started process (PID=701) to work on /opt/airflow/dags/dag-pipeline.py
[2026-08-15T17:18:33.488+0000] {processor.py:829} INFO - Processing file /opt/airflow/dags/dag-pipeline.py for tasks to queue
[2026-08-15T17:18:33.489+0000] {logging_mixin.py:154} INFO - [2026-08-15T17:18:33.489+0000] {dagbag.py:536} INFO - Filling up the DagBag from /opt/airflow/dags/dag-pipeline.py
[2026-08-15T17:18:33.499+0000] {processor.py:839} INFO - DAG(s) dict_keys(['ecommerce_analytics_engine']) retrieved from /opt/airflow/dags/dag-pipeline.py
[2026-08-15T17:18:33.512+0000] {logging_mixin.py:154} INFO - [2026-08-15T17:18:33.512+0000] {dag.py:2941} INFO - Sync 1 DAGs
[2026-08-15T17:18:33.522+0000] {logging_mixin.py:154} INFO - [2026-08-15T17:18:33.522+0000] {dag.py:3722} INFO - Setting next_dagrun for ecommerce_analytics_engine to 2026-08-15T17:00:00+00:00, run_after=2026-08-15T18:00:00+00:00
[2026-08-15T17:18:33.527+0000] {processor.py:179} INFO - Processing /opt/airflow/dags/dag-pipeline.py took 0.042 seconds
[2026-08-15T17:19:03.761+0000] {processor.py:157} INFO - Started process (PID=706) to work on /opt/airflow/dags/dag-pipeline.py
[2026-08-15T17:19:03.761+0000] {processor.py:829} INFO - Processing file /opt/airflow/dags/dag-pipeline.py for tasks to queue
[2026-08-15T17:19:03.762+0000] {logging_mixin.py:154} INFO - [2026-08-15T17:19:03.762+0000] {dagbag.py:536} INFO - Filling up the DagBag from /opt/airflow/dags/dag-pipeline.py
[2026-08-15T17:19:03.773+0000] {processor.py:839} INFO - DAG(s) dict_keys(['ecommerce_analytics_engine']) retrieved from /opt/airflow/dags/dag-pipeline.py
[2026-08-15T17:19:03.788+0000] {logging_mixin.py:154} INFO - [2026-08-15T17:19:03.788+0000] {dag.py:2941} INFO - Sync 1 DAGs
[2026-08-15T17:19:03.798+0000] {logging_mixin.py:154} INFO - [2026-08-15T17:19:03.798+0000] {dag.py:3722} INFO - Setting next_dagrun for ecommerce_analytics_engine to 2026-08-15T17:00:00+00:00, run_after=2026-08-15T18:00:00+00:00
[2026-08-15T17:19:03.805+0000] {processor.py:179} INFO - Processing /opt/airflow/dags/dag-pipeline.py took 0.046 seconds
[2026-08-15T17:19:34.016+0000] {processor.py:157} INFO - Started process (PID=711) to work on /opt/airflow/dags/dag-pipeline.py
[2026-08-15T17:19:34.016+0000] {processor.py:829} INFO - Processing file /opt/airflow/dags/dag-pipeline.py for tasks to queue
[2026-08-15T17:19:34.017+0000] {logging_mixin.py:154} INFO - [2026-08-15T17:19:34.017+0000] {dagbag.py:536} INFO - Filling up the DagBag from /opt/airflow/dags/dag-pipeline.py
[2026-08-15T17:19:34.027+0000] {processor.py:839} INFO - DAG(s) dict_keys(['ecommerce_analytics_engine']) retrieved from /opt/airflow/dags/dag-pipeline.py
[2026-08-15T17:19:34.042+0000] {logging_mixin.py:154} INFO - [2026-08-15T17:19:34.042+0000] {dag.py:2941} INFO - Sync 1 DAGs
[2026-08-15T17:19:34.052+0000] {logging_mixin.py:154} INFO - [2026-08-15T17:19:34.052+0000] {dag.py:3722} INFO - Setting next_dagrun for ecommerce_analytics_engine to 2026-08-15T17:00:00+00:00, run_after=2026-08-15T18:00:00+00:00
[2026-08-15T17:19:34.058+0000] {processor.py:179} INFO - Processing /opt/airflow/dags/dag-pipeline.py took 0.045 seconds
[2026-08-15T17:20:04.288+0000] {processor.py:157} INFO - Started process (PID=716) to work on /opt/airflow/dags/dag-pipeline.py
[2026-08-15T17:20:04.288+0000] {processor.py:829} INFO - Processing file /opt/airflow/dags/dag-pipeline.py for tasks to queue
[2026-08-15T17:20:04.289+0000] {logging_mixin.py:154} INFO - [2026-08-15T17:20:04.289+0000] {dagbag.py:536} INFO - Filling up the DagBag from /opt/airflow/dags/dag-pipeline.py
[2026-08-15T17:20:04.300+0000] {processor.py:839} INFO - DAG(s) dict_keys(['ecommerce_analytics_engine']) retrieved from /opt/airflow/dags/dag-pipeline.py
[2026-08-15T17:20:04.315+0000] {logging_mixin.py:154} INFO - [2026-08-15T17:20:04.315+0000] {dag.py:2941} INFO - Sync 1 DAGs
[2026-08-15T17:20:04.326+0000] {logging_mixin.py:154} INFO - [2026-08-15T17:20:04.326+0000] {dag.py:3722} INFO - Setting next_dagrun for ecommerce_analytics_engine to 2026-08-15T17:00:00+00:00, run_after=2026-08-15T18:00:00+00:00
[2026-08-15T17:20:04.333+0000] {processor.py:179} INFO - Processing /opt/airflow/dags/dag-pipeline.py took 0.047 seconds
[2026-08-15T17:20:34.541+0000] {processor.py:157} INFO - Started process (PID=721) to work on /opt/airflow/dags/dag-pipeline.py
[2026-08-15T17:20:34.542+0000] {processor.py:829} INFO - Processing file /opt/airflow/dags/dag-pipeline.py for tasks to queue
[2026-08-15T17:20:34.543+0000] {logging_mixin.py:154} INFO - [2026-08-15T17:20:34.542+0000] {dagbag.py:536} INFO - Filling up the DagBag from /opt/airflow/dags/dag-pipeline.py
[2026-08-15T17:20:34.554+0000] {processor.py:839} INFO - DAG(s) dict_keys(['ecommerce_analytics_engine']) retrieved from /opt/airflow/dags/dag-pipeline.py
[2026-08-15T17:20:34.570+0000] {logging_mixin.py:154} INFO - [2026-08-15T17:20:34.570+0000] {dag.py:2941} INFO - Sync 1 DAGs
[2026-08-15T17:20:34.580+0000] {logging_mixin.py:154} INFO - [2026-08-15T17:20:34.580+0000] {dag.py:3722} INFO - Setting next_dagrun for ecommerce_analytics_engine to 2026-08-15T17:00:00+00:00, run_after=2026-08-15T18:00:00+00:00
[2026-08-15T17:20:34.587+0000] {processor.py:179} INFO - Processing /opt/airflow/dags/dag-pipeline.py took 0.048 seconds
[2026-08-15T17:21:04.737+0000] {processor.py:157} INFO - Started process (PID=726) to work on /opt/airflow/dags/dag-pipeline.py
[2026-08-15T17:21:04.737+0000] {processor.py:829} INFO - Processing file /opt/airflow/dags/dag-pipeline.py for tasks to queue
[2026-08-15T17:21:04.737+0000] {logging_mixin.py:154} INFO - [2026-08-15T17:21:04.737+0000] {dagbag.py:536} INFO - Filling up the DagBag from /opt/airflow/dags/dag-pipeline.py
[2026-08-15T17:21:04.744+0000] {processor.py:839} INFO - DAG(s) dict_keys(['ecommerce_analytics_engine']) retrieved from /opt/airflow/dags/dag-pipeline.py
[2026-08-15T17:21:04.753+0000] {logging_mixin.py:154} INFO - [2026-08-15T17:21:04.753+0000] {dag.py:2941} INFO - Sync 1 DAGs
[2026-08-15T17:21:04.760+0000] {logging_mixin.py:154} INFO - [2026-08-15T17:21:04.760+0000] {dag.py:3722} INFO - Setting next_dagrun for ecommerce_analytics_engine to 2026-08-15T17:00:00+00:00, run_after=2026-08-15T18:00:00+00:00
[2026-08-15T17:21:04.765+0000] {processor.py:179} INFO - Processing /opt/airflow/dags/dag-pipeline.py took 0.030 seconds
[2026-08-15T17:21:34.987+0000] {processor.py:157} INFO - Started process (PID=731) to work on /opt/airflow/dags/dag-pipeline.py
[2026-08-15T17:21:34.987+0000] {processor.py:829} INFO - Processing file /opt/airflow/dags/dag-pipeline.py for tasks to queue
[2026-08-15T17:21:34.988+0000] {logging_mixin.py:154} INFO - [2026-08-15T17:21:34.988+0000] {dagbag.py:536} INFO - Filling up the DagBag from /opt/airflow/dags/dag-pipeline.py
[2026-08-15T17:21:34.996+0000] {processor.py:839} INFO - DAG(s) dict_keys(['ecommerce_analytics_engine']) retrieved from /opt/airflow/dags/dag-pipeline.py
[2026-08-15T17:21:35.008+0000] {logging_mixin.py:154} INFO - [2026-08-15T17:21:35.008+0000] {dag.py:2941} INFO - Sync 1 DAGs
[2026-08-15T17:21:35.017+0000] {logging_mixin.py:154} INFO - [2026-08-15T17:21:35.017+0000] {dag.py:3722} INFO - Setting next_dagrun for ecommerce_analytics_engine to 2026-08-15T17:00:00+00:00, run_after=2026-08-15T18:00:00+00:00
[2026-08-15T17:21:35.023+0000] {processor.py:179} INFO - Processing /opt/airflow/dags/dag-pipeline.py took 0.038 seconds
[2026-08-15T17:22:05.211+0000] {processor.py:157} INFO - Started process (PID=736) to work on /opt/airflow/dags/dag-pipeline.py
[2026-08-15T17:22:05.212+0000] {processor.py:829} INFO - Processing file /opt/airflow/dags/dag-pipeline.py for tasks to queue
[2026-08-15T17:22:05.213+0000] {logging_mixin.py:154} INFO - [2026-08-15T17:22:05.212+0000] {dagbag.py:536} INFO - Filling up the DagBag from /opt/airflow/dags/dag-pipeline.py
[2026-08-15T17:22:05.223+0000] {processor.py:839} INFO - DAG(s) dict_keys(['ecommerce_analytics_engine']) retrieved from /opt/airflow/dags/dag-pipeline.py
[2026-08-15T17:22:05.238+0000] {logging_mixin.py:154} INFO - [2026-08-15T17:22:05.238+0000] {dag.py:2941} INFO - Sync 1 DAGs
[2026-08-15T17:22:05.248+0000] {logging_mixin.py:154} INFO - [2026-08-15T17:22:05.248+0000] {dag.py:3722} INFO - Setting next_dagrun for ecommerce_analytics_engine to 2026-08-15T17:00:00+00:00, run_after=2026-08-15T18:00:00+00:00
[2026-08-15T17:22:05.255+0000] {processor.py:179} INFO - Processing /opt/airflow/dags/dag-pipeline.py took 0.045 seconds
[2026-08-15T17:22:35.449+0000] {processor.py:157} INFO - Started process (PID=741) to work on /opt/airflow/dags/dag-pipeline.py
[2026-08-15T17:22:35.449+0000] {processor.py:829} INFO - Processing file /opt/airflow/dags/dag-pipeline.py for tasks to queue
[2026-08-15T17:22:35.450+0000] {logging_mixin.py:154} INFO - [2026-08-15T17:22:35.449+0000] {dagbag.py:536} INFO - Filling up the DagBag from /opt/airflow/dags/dag-pipeline.py
[2026-08-15T17:22:35.460+0000] {processor.py:839} INFO - DAG(s) dict_keys(['ecommerce_analytics_engine']) retrieved from /opt/airflow/dags/dag-pipeline.py
[2026-08-15T17:22:35.476+0000] {logging_mixin.py:154} INFO - [2026-08-15T17:22:35.476+0000] {dag.py:2941} INFO - Sync 1 DAGs
[2026-08-15T17:22:35.487+0000] {logging_mixin.py:154} INFO - [2026-08-15T17:22:35.487+0000] {dag.py:3722} INFO - Setting next_dagrun for ecommerce_analytics_engine to 2026-08-15T17:00:00+00:00, run_after=2026-08-15T18:00:00+00:00
[2026-08-15T17:22:35.493+0000] {processor.py:179} INFO - Processing /opt/airflow/dags/dag-pipeline.py took 0.047 seconds
[2026-08-15T17:23:05.707+0000] {processor.py:157} INFO - Started process (PID=746) to work on /opt/airflow/dags/dag-pipeline.py
[2026-08-15T17:23:05.708+0000] {processor.py:829} INFO - Processing file /opt/airflow/dags/dag-pipeline.py for tasks to queue
[2026-08-15T17:23:05.708+0000] {logging_mixin.py:154} INFO - [2026-08-15T17:23:05.708+0000] {dagbag.py:536} INFO - Filling up the DagBag from /opt/airflow/dags/dag-pipeline.py
[2026-08-15T17:23:05.719+0000] {processor.py:839} INFO - DAG(s) dict_keys(['ecommerce_analytics_engine']) retrieved from /opt/airflow/dags/dag-pipeline.py
[2026-08-15T17:23:05.733+0000] {logging_mixin.py:154} INFO - [2026-08-15T17:23:05.733+0000] {dag.py:2941} INFO - Sync 1 DAGs
[2026-08-15T17:23:05.743+0000] {logging_mixin.py:154} INFO - [2026-08-15T17:23:05.743+0000] {dag.py:3722} INFO - Setting next_dagrun for ecommerce_analytics_engine to 2026-08-15T17:00:00+00:00, run_after=2026-08-15T18:00:00+00:00
[2026-08-15T17:23:05.750+0000] {processor.py:179} INFO - Processing /opt/airflow/dags/dag-pipeline.py took 0.046 seconds
[2026-08-15T17:23:35.967+0000] {processor.py:157} INFO - Started process (PID=751) to work on /opt/airflow/dags/dag-pipeline.py
[2026-08-15T17:23:35.968+0000] {processor.py:829} INFO - Processing file /opt/airflow/dags/dag-pipeline.py for tasks to queue
[2026-08-15T17:23:35.968+0000] {logging_mixin.py:154} INFO - [2026-08-15T17:23:35.968+0000] {dagbag.py:536} INFO - Filling up the DagBag from /opt/airflow/dags/dag-pipeline.py
[2026-08-15T17:23:35.979+0000] {processor.py:839} INFO - DAG(s) dict_keys(['ecommerce_analytics_engine']) retrieved from /opt/airflow/dags/dag-pipeline.py
[2026-08-15T17:23:35.993+0000] {logging_mixin.py:154} INFO - [2026-08-15T17:23:35.993+0000] {dag.py:2941} INFO - Sync 1 DAGs
[2026-08-15T17:23:36.004+0000] {logging_mixin.py:154} INFO - [2026-08-15T17:23:36.004+0000] {dag.py:3722} INFO - Setting next_dagrun for ecommerce_analytics_engine to 2026-08-15T17:00:00+00:00, run_after=2026-08-15T18:00:00+00:00
[2026-08-15T17:23:36.009+0000] {processor.py:179} INFO - Processing /opt/airflow/dags/dag-pipeline.py took 0.045 seconds
[2026-08-15T17:24:06.242+0000] {processor.py:157} INFO - Started process (PID=756) to work on /opt/airflow/dags/dag-pipeline.py
[2026-08-15T17:24:06.242+0000] {processor.py:829} INFO - Processing file /opt/airflow/dags/dag-pipeline.py for tasks to queue
[2026-08-15T17:24:06.243+0000] {logging_mixin.py:154} INFO - [2026-08-15T17:24:06.242+0000] {dagbag.py:536} INFO - Filling up the DagBag from /opt/airflow/dags/dag-pipeline.py
[2026-08-15T17:24:06.254+0000] {processor.py:839} INFO - DAG(s) dict_keys(['ecommerce_analytics_engine']) retrieved from /opt/airflow/dags/dag-pipeline.py
[2026-08-15T17:24:06.270+0000] {logging_mixin.py:154} INFO - [2026-08-15T17:24:06.270+0000] {dag.py:2941} INFO - Sync 1 DAGs
[2026-08-15T17:24:06.281+0000] {logging_mixin.py:154} INFO - [2026-08-15T17:24:06.281+0000] {dag.py:3722} INFO - Setting next_dagrun for ecommerce_analytics_engine to 2026-08-15T17:00:00+00:00, run_after=2026-08-15T18:00:00+00:00
[2026-08-15T17:24:06.287+0000] {processor.py:179} INFO - Processing /opt/airflow/dags/dag-pipeline.py took 0.048 seconds
[2026-08-15T17:24:36.512+0000] {processor.py:157} INFO - Started process (PID=761) to work on /opt/airflow/dags/dag-pipeline.py
[2026-08-15T17:24:36.512+0000] {processor.py:829} INFO - Processing file /opt/airflow/dags/dag-pipeline.py for tasks to queue
[2026-08-15T17:24:36.513+0000] {logging_mixin.py:154} INFO - [2026-08-15T17:24:36.513+0000] {dagbag.py:536} INFO - Filling up the DagBag from /opt/airflow/dags/dag-pipeline.py
[2026-08-15T17:24:36.529+0000] {processor.py:839} INFO - DAG(s) dict_keys(['ecommerce_analytics_engine']) retrieved from /opt/airflow/dags/dag-pipeline.py
[2026-08-15T17:24:36.548+0000] {logging_mixin.py:154} INFO - [2026-08-15T17:24:36.548+0000] {dag.py:2941} INFO - Sync 1 DAGs
[2026-08-15T17:24:36.563+0000] {logging_mixin.py:154} INFO - [2026-08-15T17:24:36.563+0000] {dag.py:3722} INFO - Setting next_dagrun for ecommerce_analytics_engine to 2026-08-15T17:00:00+00:00, run_after=2026-08-15T18:00:00+00:00
[2026-08-15T17:24:36.569+0000] {processor.py:179} INFO - Processing /opt/airflow/dags/dag-pipeline.py took 0.060 seconds
[2026-08-15T17:25:06.771+0000] {processor.py:157} INFO - Started process (PID=766) to work on /opt/airflow/dags/dag-pipeline.py
[2026-08-15T17:25:06.771+0000] {processor.py:829} INFO - Processing file /opt/airflow/dags/dag-pipeline.py for tasks to queue
[2026-08-15T17:25:06.772+0000] {logging_mixin.py:154} INFO - [2026-08-15T17:25:06.772+0000] {dagbag.py:536} INFO - Filling up the DagBag from /opt/airflow/dags/dag-pipeline.py
[2026-08-15T17:25:06.782+0000] {processor.py:839} INFO - DAG(s) dict_keys(['ecommerce_analytics_engine']) retrieved from /opt/airflow/dags/dag-pipeline.py
[2026-08-15T17:25:06.793+0000] {logging_mixin.py:154} INFO - [2026-08-15T17:25:06.793+0000] {dag.py:2941} INFO - Sync 1 DAGs
[2026-08-15T17:25:06.802+0000] {logging_mixin.py:154} INFO - [2026-08-15T17:25:06.802+0000] {dag.py:3722} INFO - Setting next_dagrun for ecommerce_analytics_engine to 2026-08-15T17:00:00+00:00, run_after=2026-08-15T18:00:00+00:00
[2026-08-15T17:25:06.807+0000] {processor.py:179} INFO - Processing /opt/airflow/dags/dag-pipeline.py took 0.039 seconds
[2026-08-15T17:25:37.051+0000] {processor.py:157} INFO - Started process (PID=771) to work on /opt/airflow/dags/dag-pipeline.py
[2026-08-15T17:25:37.051+0000] {processor.py:829} INFO - Processing file /opt/airflow/dags/dag-pipeline.py for tasks to queue
[2026-08-15T17:25:37.052+0000] {logging_mixin.py:154} INFO - [2026-08-15T17:25:37.052+0000] {dagbag.py:536} INFO - Filling up the DagBag from /opt/airflow/dags/dag-pipeline.py
[2026-08-15T17:25:37.066+0000] {processor.py:839} INFO - DAG(s) dict_keys(['ecommerce_analytics_engine']) retrieved from /opt/airflow/dags/dag-pipeline.py
[2026-08-15T17:25:37.083+0000] {logging_mixin.py:154} INFO - [2026-08-15T17:25:37.083+0000] {dag.py:2941} INFO - Sync 1 DAGs
[2026-08-15T17:25:37.094+0000] {logging_mixin.py:154} INFO - [2026-08-15T17:25:37.094+0000] {dag.py:3722} INFO - Setting next_dagrun for ecommerce_analytics_engine to 2026-08-15T17:00:00+00:00, run_after=2026-08-15T18:00:00+00:00
[2026-08-15T17:25:37.100+0000] {processor.py:179} INFO - Processing /opt/airflow/dags/dag-pipeline.py took 0.053 seconds
[2026-08-15T17:26:07.299+0000] {processor.py:157} INFO - Started process (PID=776) to work on /opt/airflow/dags/dag-pipeline.py
[2026-08-15T17:26:07.299+0000] {processor.py:829} INFO - Processing file /opt/airflow/dags/dag-pipeline.py for tasks to queue
[2026-08-15T17:26:07.300+0000] {logging_mixin.py:154} INFO - [2026-08-15T17:26:07.300+0000] {dagbag.py:536} INFO - Filling up the DagBag from /opt/airflow/dags/dag-pipeline.py
[2026-08-15T17:26:07.312+0000] {processor.py:839} INFO - DAG(s) dict_keys(['ecommerce_analytics_engine']) retrieved from /opt/airflow/dags/dag-pipeline.py
[2026-08-15T17:26:07.326+0000] {logging_mixin.py:154} INFO - [2026-08-15T17:26:07.326+0000] {dag.py:2941} INFO - Sync 1 DAGs
[2026-08-15T17:26:07.336+0000] {logging_mixin.py:154} INFO - [2026-08-15T17:26:07.336+0000] {dag.py:3722} INFO - Setting next_dagrun for ecommerce_analytics_engine to 2026-08-15T17:00:00+00:00, run_after=2026-08-15T18:00:00+00:00
[2026-08-15T17:26:07.342+0000] {processor.py:179} INFO - Processing /opt/airflow/dags/dag-pipeline.py took 0.046 seconds
[2026-08-15T17:26:37.570+0000] {processor.py:157} INFO - Started process (PID=781) to work on /opt/airflow/dags/dag-pipeline.py
[2026-08-15T17:26:37.570+0000] {processor.py:829} INFO - Processing file /opt/airflow/dags/dag-pipeline.py for tasks to queue
[2026-08-15T17:26:37.571+0000] {logging_mixin.py:154} INFO - [2026-08-15T17:26:37.571+0000] {dagbag.py:536} INFO - Filling up the DagBag from /opt/airflow/dags/dag-pipeline.py
[2026-08-15T17:26:37.583+0000] {processor.py:839} INFO - DAG(s) dict_keys(['ecommerce_analytics_engine']) retrieved from /opt/airflow/dags/dag-pipeline.py
[2026-08-15T17:26:37.597+0000] {logging_mixin.py:154} INFO - [2026-08-15T17:26:37.597+0000] {dag.py:2941} INFO - Sync 1 DAGs
[2026-08-15T17:26:37.608+0000] {logging_mixin.py:154} INFO - [2026-08-15T17:26:37.608+0000] {dag.py:3722} INFO - Setting next_dagrun for ecommerce_analytics_engine to 2026-08-15T17:00:00+00:00, run_after=2026-08-15T18:00:00+00:00
[2026-08-15T17:26:37.614+0000] {processor.py:179} INFO - Processing /opt/airflow/dags/dag-pipeline.py took 0.046 seconds
[2026-08-15T17:27:07.785+0000] {processor.py:157} INFO - Started process (PID=786) to work on /opt/airflow/dags/dag-pipeline.py
[2026-08-15T17:27:07.786+0000] {processor.py:829} INFO - Processing file /opt/airflow/dags/dag-pipeline.py for tasks to queue
[2026-08-15T17:27:07.786+0000] {logging_mixin.py:154} INFO - [2026-08-15T17:27:07.786+0000] {dagbag.py:536} INFO - Filling up the DagBag from /opt/airflow/dags/dag-pipeline.py
[2026-08-15T17:27:07.798+0000] {processor.py:839} INFO - DAG(s) dict_keys(['ecommerce_analytics_engine']) retrieved from /opt/airflow/dags/dag-pipeline.py
[2026-08-15T17:27:07.814+0000] {logging_mixin.py:154} INFO - [2026-08-15T17:27:07.814+0000] {dag.py:2941} INFO - Sync 1 DAGs
[2026-08-15T17:27:07.824+0000] {logging_mixin.py:154} INFO - [2026-08-15T17:27:07.824+0000] {dag.py:3722} INFO - Setting next_dagrun for ecommerce_analytics_engine to 2026-08-15T17:00:00+00:00, run_after=2026-08-15T18:00:00+00:00
[2026-08-15T17:27:07.830+0000] {processor.py:179} INFO - Processing /opt/airflow/dags/dag-pipeline.py took 0.047 seconds
[2026-08-15T17:27:38.081+0000] {processor.py:157} INFO - Started process (PID=792) to work on /opt/airflow/dags/dag-pipeline.py
[2026-08-15T17:27:38.082+0000] {processor.py:829} INFO - Processing file /opt/airflow/dags/dag-pipeline.py for tasks to queue
[2026-08-15T17:27:38.082+0000] {logging_mixin.py:154} INFO - [2026-08-15T17:27:38.082+0000] {dagbag.py:536} INFO - Filling up the DagBag from /opt/airflow/dags/dag-pipeline.py
[2026-08-15T17:27:38.094+0000] {processor.py:839} INFO - DAG(s) dict_keys(['ecommerce_analytics_engine']) retrieved from /opt/airflow/dags/dag-pipeline.py
[2026-08-15T17:27:38.109+0000] {logging_mixin.py:154} INFO - [2026-08-15T17:27:38.109+0000] {dag.py:2941} INFO - Sync 1 DAGs
[2026-08-15T17:27:38.119+0000] {logging_mixin.py:154} INFO - [2026-08-15T17:27:38.119+0000] {dag.py:3722} INFO - Setting next_dagrun for ecommerce_analytics_engine to 2026-08-15T17:00:00+00:00, run_after=2026-08-15T18:00:00+00:00
[2026-08-15T17:27:38.126+0000] {processor.py:179} INFO - Processing /opt/airflow/dags/dag-pipeline.py took 0.047 seconds
[2026-08-15T17:28:08.368+0000] {processor.py:157} INFO - Started process (PID=797) to work on /opt/airflow/dags/dag-pipeline.py
[2026-08-15T17:28:08.369+0000] {processor.py:829} INFO - Processing file /opt/airflow/dags/dag-pipeline.py for tasks to queue
[2026-08-15T17:28:08.370+0000] {logging_mixin.py:154} INFO - [2026-08-15T17:28:08.370+0000] {dagbag.py:536} INFO - Filling up the DagBag from /opt/airflow/dags/dag-pipeline.py
[2026-08-15T17:28:08.382+0000] {processor.py:839} INFO - DAG(s) dict_keys(['ecommerce_analytics_engine']) retrieved from /opt/airflow/dags/dag-pipeline.py
[2026-08-15T17:28:08.399+0000] {logging_mixin.py:154} INFO - [2026-08-15T17:28:08.399+0000] {dag.py:2941} INFO - Sync 1 DAGs
[2026-08-15T17:28:08.410+0000] {logging_mixin.py:154} INFO - [2026-08-15T17:28:08.410+0000] {dag.py:3722} INFO - Setting next_dagrun for ecommerce_analytics_engine to 2026-08-15T17:00:00+00:00, run_after=2026-08-15T18:00:00+00:00
[2026-08-15T17:28:08.416+0000] {processor.py:179} INFO - Processing /opt/airflow/dags/dag-pipeline.py took 0.050 seconds
[2026-08-15T17:28:38.639+0000] {processor.py:157} INFO - Started process (PID=802) to work on /opt/airflow/dags/dag-pipeline.py
[2026-08-15T17:28:38.639+0000] {processor.py:829} INFO - Processing file /opt/airflow/dags/dag-pipeline.py for tasks to queue
[2026-08-15T17:28:38.640+0000] {logging_mixin.py:154} INFO - [2026-08-15T17:28:38.639+0000] {dagbag.py:536} INFO - Filling up the DagBag from /opt/airflow/dags/dag-pipeline.py
[2026-08-15T17:28:38.650+0000] {processor.py:839} INFO - DAG(s) dict_keys(['ecommerce_analytics_engine']) retrieved from /opt/airflow/dags/dag-pipeline.py
[2026-08-15T17:28:38.665+0000] {logging_mixin.py:154} INFO - [2026-08-15T17:28:38.665+0000] {dag.py:2941} INFO - Sync 1 DAGs
[2026-08-15T17:28:38.675+0000] {logging_mixin.py:154} INFO - [2026-08-15T17:28:38.675+0000] {dag.py:3722} INFO - Setting next_dagrun for ecommerce_analytics_engine to 2026-08-15T17:00:00+00:00, run_after=2026-08-15T18:00:00+00:00
[2026-08-15T17:28:38.682+0000] {processor.py:179} INFO - Processing /opt/airflow/dags/dag-pipeline.py took 0.046 seconds
[2026-08-15T17:29:08.900+0000] {processor.py:157} INFO - Started process (PID=807) to work on /opt/airflow/dags/dag-pipeline.py
[2026-08-15T17:29:08.901+0000] {processor.py:829} INFO - Processing file /opt/airflow/dags/dag-pipeline.py for tasks to queue
[2026-08-15T17:29:08.901+0000] {logging_mixin.py:154} INFO - [2026-08-15T17:29:08.901+0000] {dagbag.py:536} INFO - Filling up the DagBag from /opt/airflow/dags/dag-pipeline.py
[2026-08-15T17:29:08.911+0000] {processor.py:839} INFO - DAG(s) dict_keys(['ecommerce_analytics_engine']) retrieved from /opt/airflow/dags/dag-pipeline.py
[2026-08-15T17:29:08.927+0000] {logging_mixin.py:154} INFO - [2026-08-15T17:29:08.927+0000] {dag.py:2941} INFO - Sync 1 DAGs
[2026-08-15T17:29:08.938+0000] {logging_mixin.py:154} INFO - [2026-08-15T17:29:08.938+0000] {dag.py:3722} INFO - Setting next_dagrun for ecommerce_analytics_engine to 2026-08-15T17:00:00+00:00, run_after=2026-08-15T18:00:00+00:00
[2026-08-15T17:29:08.945+0000] {processor.py:179} INFO - Processing /opt/airflow/dags/dag-pipeline.py took 0.047 seconds
[2026-08-15T17:29:39.164+0000] {processor.py:157} INFO - Started process (PID=812) to work on /opt/airflow/dags/dag-pipeline.py
[2026-08-15T17:29:39.165+0000] {processor.py:829} INFO - Processing file /opt/airflow/dags/dag-pipeline.py for tasks to queue
[2026-08-15T17:29:39.165+0000] {logging_mixin.py:154} INFO - [2026-08-15T17:29:39.165+0000] {dagbag.py:536} INFO - Filling up the DagBag from /opt/airflow/dags/dag-pipeline.py
[2026-08-15T17:29:39.175+0000] {processor.py:839} INFO - DAG(s) dict_keys(['ecommerce_analytics_engine']) retrieved from /opt/airflow/dags/dag-pipeline.py
[2026-08-15T17:29:39.191+0000] {logging_mixin.py:154} INFO - [2026-08-15T17:29:39.191+0000] {dag.py:2941} INFO - Sync 1 DAGs
[2026-08-15T17:29:39.203+0000] {logging_mixin.py:154} INFO - [2026-08-15T17:29:39.203+0000] {dag.py:3722} INFO - Setting next_dagrun for ecommerce_analytics_engine to 2026-08-15T17:00:00+00:00, run_after=2026-08-15T18:00:00+00:00
[2026-08-15T17:29:39.209+0000] {processor.py:179} INFO - Processing /opt/airflow/dags/dag-pipeline.py took 0.047 seconds
[2026-08-15T17:30:09.430+0000] {processor.py:157} INFO - Started process (PID=817) to work on /opt/airflow/dags/dag-pipeline.py
[2026-08-15T17:30:09.430+0000] {processor.py:829} INFO - Processing file /opt/airflow/dags/dag-pipeline.py for tasks to queue
[2026-08-15T17:30:09.431+0000] {logging_mixin.py:154} INFO - [2026-08-15T17:30:09.430+0000] {dagbag.py:536} INFO - Filling up the DagBag from /opt/airflow/dags/dag-pipeline.py
[2026-08-15T17:30:09.441+0000] {processor.py:839} INFO - DAG(s) dict_keys(['ecommerce_analytics_engine']) retrieved from /opt/airflow/dags/dag-pipeline.py
[2026-08-15T17:30:09.457+0000] {logging_mixin.py:154} INFO - [2026-08-15T17:30:09.457+0000] {dag.py:2941} INFO - Sync 1 DAGs
[2026-08-15T17:30:09.468+0000] {logging_mixin.py:154} INFO - [2026-08-15T17:30:09.468+0000] {dag.py:3722} INFO - Setting next_dagrun for ecommerce_analytics_engine to 2026-08-15T17:00:00+00:00, run_after=2026-08-15T18:00:00+00:00
[2026-08-15T17:30:09.474+0000] {processor.py:179} INFO - Processing /opt/airflow/dags/dag-pipeline.py took 0.047 seconds
[2026-08-15T17:30:39.685+0000] {processor.py:157} INFO - Started process (PID=822) to work on /opt/airflow/dags/dag-pipeline.py
[2026-08-15T17:30:39.686+0000] {processor.py:829} INFO - Processing file /opt/airflow/dags/dag-pipeline.py for tasks to queue
[2026-08-15T17:30:39.687+0000] {logging_mixin.py:154} INFO - [2026-08-15T17:30:39.687+0000] {dagbag.py:536} INFO - Filling up the DagBag from /opt/airflow/dags/dag-pipeline.py
[2026-08-15T17:30:39.698+0000] {processor.py:839} INFO - DAG(s) dict_keys(['ecommerce_analytics_engine']) retrieved from /opt/airflow/dags/dag-pipeline.py
[2026-08-15T17:30:39.712+0000] {logging_mixin.py:154} INFO - [2026-08-15T17:30:39.712+0000] {dag.py:2941} INFO - Sync 1 DAGs
[2026-08-15T17:30:39.722+0000] {logging_mixin.py:154} INFO - [2026-08-15T17:30:39.722+0000] {dag.py:3722} INFO - Setting next_dagrun for ecommerce_analytics_engine to 2026-08-15T17:00:00+00:00, run_after=2026-08-15T18:00:00+00:00
[2026-08-15T17:30:39.731+0000] {processor.py:179} INFO - Processing /opt/airflow/dags/dag-pipeline.py took 0.047 seconds
[2026-08-15T17:31:09.942+0000] {processor.py:157} INFO - Started process (PID=827) to work on /opt/airflow/dags/dag-pipeline.py
[2026-08-15T17:31:09.942+0000] {processor.py:829} INFO - Processing file /opt/airflow/dags/dag-pipeline.py for tasks to queue
[2026-08-15T17:31:09.943+0000] {logging_mixin.py:154} INFO - [2026-08-15T17:31:09.942+0000] {dagbag.py:536} INFO - Filling up the DagBag from /opt/airflow/dags/dag-pipeline.py
[2026-08-15T17:31:09.953+0000] {processor.py:839} INFO - DAG(s) dict_keys(['ecommerce_analytics_engine']) retrieved from /opt/airflow/dags/dag-pipeline.py
[2026-08-15T17:31:09.969+0000] {logging_mixin.py:154} INFO - [2026-08-15T17:31:09.968+0000] {dag.py:2941} INFO - Sync 1 DAGs
[2026-08-15T17:31:09.979+0000] {logging_mixin.py:154} INFO - [2026-08-15T17:31:09.979+0000] {dag.py:3722} INFO - Setting next_dagrun for ecommerce_analytics_engine to 2026-08-15T17:00:00+00:00, run_after=2026-08-15T18:00:00+00:00
[2026-08-15T17:31:09.986+0000] {processor.py:179} INFO - Processing /opt/airflow/dags/dag-pipeline.py took 0.047 seconds
[2026-08-15T17:31:40.206+0000] {processor.py:157} INFO - Started process (PID=832) to work on /opt/airflow/dags/dag-pipeline.py
[2026-08-15T17:31:40.207+0000] {processor.py:829} INFO - Processing file /opt/airflow/dags/dag-pipeline.py for tasks to queue
[2026-08-15T17:31:40.208+0000] {logging_mixin.py:154} INFO - [2026-08-15T17:31:40.207+0000] {dagbag.py:536} INFO - Filling up the DagBag from /opt/airflow/dags/dag-pipeline.py
[2026-08-15T17:31:40.218+0000] {processor.py:839} INFO - DAG(s) dict_keys(['ecommerce_analytics_engine']) retrieved from /opt/airflow/dags/dag-pipeline.py
[2026-08-15T17:31:40.232+0000] {logging_mixin.py:154} INFO - [2026-08-15T17:31:40.232+0000] {dag.py:2941} INFO - Sync 1 DAGs
[2026-08-15T17:31:40.242+0000] {logging_mixin.py:154} INFO - [2026-08-15T17:31:40.242+0000] {dag.py:3722} INFO - Setting next_dagrun for ecommerce_analytics_engine to 2026-08-15T17:00:00+00:00, run_after=2026-08-15T18:00:00+00:00
[2026-08-15T17:31:40.249+0000] {processor.py:179} INFO - Processing /opt/airflow/dags/dag-pipeline.py took 0.045 seconds
[2026-08-15T17:32:10.459+0000] {processor.py:157} INFO - Started process (PID=837) to work on /opt/airflow/dags/dag-pipeline.py
[2026-08-15T17:32:10.459+0000] {processor.py:829} INFO - Processing file /opt/airflow/dags/dag-pipeline.py for tasks to queue
[2026-08-15T17:32:10.460+0000] {logging_mixin.py:154} INFO - [2026-08-15T17:32:10.460+0000] {dagbag.py:536} INFO - Filling up the DagBag from /opt/airflow/dags/dag-pipeline.py
[2026-08-15T17:32:10.470+0000] {processor.py:839} INFO - DAG(s) dict_keys(['ecommerce_analytics_engine']) retrieved from /opt/airflow/dags/dag-pipeline.py
[2026-08-15T17:32:10.485+0000] {logging_mixin.py:154} INFO - [2026-08-15T17:32:10.485+0000] {dag.py:2941} INFO - Sync 1 DAGs
[2026-08-15T17:32:10.495+0000] {logging_mixin.py:154} INFO - [2026-08-15T17:32:10.495+0000] {dag.py:3722} INFO - Setting next_dagrun for ecommerce_analytics_engine to 2026-08-15T17:00:00+00:00, run_after=2026-08-15T18:00:00+00:00
[2026-08-15T17:32:10.501+0000] {processor.py:179} INFO - Processing /opt/airflow/dags/dag-pipeline.py took 0.045 seconds
[2026-08-15T17:32:40.738+0000] {processor.py:157} INFO - Started process (PID=842) to work on /opt/airflow/dags/dag-pipeline.py
[2026-08-15T17:32:40.739+0000] {processor.py:829} INFO - Processing file /opt/airflow/dags/dag-pipeline.py for tasks to queue
[2026-08-15T17:32:40.739+0000] {logging_mixin.py:154} INFO - [2026-08-15T17:32:40.739+0000] {dagbag.py:536} INFO - Filling up the DagBag from /opt/airflow/dags/dag-pipeline.py
[2026-08-15T17:32:40.750+0000] {processor.py:839} INFO - DAG(s) dict_keys(['ecommerce_analytics_engine']) retrieved from /opt/airflow/dags/dag-pipeline.py
[2026-08-15T17:32:40.765+0000] {logging_mixin.py:154} INFO - [2026-08-15T17:32:40.765+0000] {dag.py:2941} INFO - Sync 1 DAGs
[2026-08-15T17:32:40.776+0000] {logging_mixin.py:154} INFO - [2026-08-15T17:32:40.776+0000] {dag.py:3722} INFO - Setting next_dagrun for ecommerce_analytics_engine to 2026-08-15T17:00:00+00:00, run_after=2026-08-15T18:00:00+00:00
[2026-08-15T17:32:40.783+0000] {processor.py:179} INFO - Processing /opt/airflow/dags/dag-pipeline.py took 0.046 seconds
[2026-08-15T17:33:10.980+0000] {processor.py:157} INFO - Started process (PID=847) to work on /opt/airflow/dags/dag-pipeline.py
[2026-08-15T17:33:10.980+0000] {processor.py:829} INFO - Processing file /opt/airflow/dags/dag-pipeline.py for tasks to queue
[2026-08-15T17:33:10.981+0000] {logging_mixin.py:154} INFO - [2026-08-15T17:33:10.981+0000] {dagbag.py:536} INFO - Filling up the DagBag from /opt/airflow/dags/dag-pipeline.py
[2026-08-15T17:33:10.991+0000] {processor.py:839} INFO - DAG(s) dict_keys(['ecommerce_analytics_engine']) retrieved from /opt/airflow/dags/dag-pipeline.py
[2026-08-15T17:33:11.007+0000] {logging_mixin.py:154} INFO - [2026-08-15T17:33:11.007+0000] {dag.py:2941} INFO - Sync 1 DAGs
[2026-08-15T17:33:11.018+0000] {logging_mixin.py:154} INFO - [2026-08-15T17:33:11.017+0000] {dag.py:3722} INFO - Setting next_dagrun for ecommerce_analytics_engine to 2026-08-15T17:00:00+00:00, run_after=2026-08-15T18:00:00+00:00
[2026-08-15T17:33:11.024+0000] {processor.py:179} INFO - Processing /opt/airflow/dags/dag-pipeline.py took 0.046 seconds
[2026-08-15T17:33:41.250+0000] {processor.py:157} INFO - Started process (PID=852) to work on /opt/airflow/dags/dag-pipeline.py
[2026-08-15T17:33:41.250+0000] {processor.py:829} INFO - Processing file /opt/airflow/dags/dag-pipeline.py for tasks to queue
[2026-08-15T17:33:41.251+0000] {logging_mixin.py:154} INFO - [2026-08-15T17:33:41.251+0000] {dagbag.py:536} INFO - Filling up the DagBag from /opt/airflow/dags/dag-pipeline.py
[2026-08-15T17:33:41.262+0000] {processor.py:839} INFO - DAG(s) dict_keys(['ecommerce_analytics_engine']) retrieved from /opt/airflow/dags/dag-pipeline.py
[2026-08-15T17:33:41.278+0000] {logging_mixin.py:154} INFO - [2026-08-15T17:33:41.278+0000] {dag.py:2941} INFO - Sync 1 DAGs
[2026-08-15T17:33:41.289+0000] {logging_mixin.py:154} INFO - [2026-08-15T17:33:41.288+0000] {dag.py:3722} INFO - Setting next_dagrun for ecommerce_analytics_engine to 2026-08-15T17:00:00+00:00, run_after=2026-08-15T18:00:00+00:00
[2026-08-15T17:33:41.296+0000] {processor.py:179} INFO - Processing /opt/airflow/dags/dag-pipeline.py took 0.048 seconds
[2026-08-15T17:34:11.490+0000] {processor.py:157} INFO - Started process (PID=857) to work on /opt/airflow/dags/dag-pipeline.py
[2026-08-15T17:34:11.491+0000] {processor.py:829} INFO - Processing file /opt/airflow/dags/dag-pipeline.py for tasks to queue
[2026-08-15T17:34:11.491+0000] {logging_mixin.py:154} INFO - [2026-08-15T17:34:11.491+0000] {dagbag.py:536} INFO - Filling up the DagBag from /opt/airflow/dags/dag-pipeline.py
[2026-08-15T17:34:11.502+0000] {processor.py:839} INFO - DAG(s) dict_keys(['ecommerce_analytics_engine']) retrieved from /opt/airflow/dags/dag-pipeline.py
[2026-08-15T17:34:11.517+0000] {logging_mixin.py:154} INFO - [2026-08-15T17:34:11.517+0000] {dag.py:2941} INFO - Sync 1 DAGs
[2026-08-15T17:34:11.528+0000] {logging_mixin.py:154} INFO - [2026-08-15T17:34:11.528+0000] {dag.py:3722} INFO - Setting next_dagrun for ecommerce_analytics_engine to 2026-08-15T17:00:00+00:00, run_after=2026-08-15T18:00:00+00:00
[2026-08-15T17:34:11.534+0000] {processor.py:179} INFO - Processing /opt/airflow/dags/dag-pipeline.py took 0.046 seconds
[2026-08-15T17:34:41.754+0000] {processor.py:157} INFO - Started process (PID=862) to work on /opt/airflow/dags/dag-pipeline.py
[2026-08-15T17:34:41.755+0000] {processor.py:829} INFO - Processing file /opt/airflow/dags/dag-pipeline.py for tasks to queue
[2026-08-15T17:34:41.755+0000] {logging_mixin.py:154} INFO - [2026-08-15T17:34:41.755+0000] {dagbag.py:536} INFO - Filling up the DagBag from /opt/airflow/dags/dag-pipeline.py
[2026-08-15T17:34:41.765+0000] {processor.py:839} INFO - DAG(s) dict_keys(['ecommerce_analytics_engine']) retrieved from /opt/airflow/dags/dag-pipeline.py
[2026-08-15T17:34:41.780+0000] {logging_mixin.py:154} INFO - [2026-08-15T17:34:41.779+0000] {dag.py:2941} INFO - Sync 1 DAGs
[2026-08-15T17:34:41.789+0000] {logging_mixin.py:154} INFO - [2026-08-15T17:34:41.789+0000] {dag.py:3722} INFO - Setting next_dagrun for ecommerce_analytics_engine to 2026-08-15T17:00:00+00:00, run_after=2026-08-15T18:00:00+00:00
[2026-08-15T17:34:41.795+0000] {processor.py:179} INFO - Processing /opt/airflow/dags/dag-pipeline.py took 0.043 seconds
[2026-08-15T17:35:11.993+0000] {processor.py:157} INFO - Started process (PID=867) to work on /opt/airflow/dags/dag-pipeline.py
[2026-08-15T17:35:11.993+0000] {processor.py:829} INFO - Processing file /opt/airflow/dags/dag-pipeline.py for tasks to queue
[2026-08-15T17:35:11.994+0000] {logging_mixin.py:154} INFO - [2026-08-15T17:35:11.994+0000] {dagbag.py:536} INFO - Filling up the DagBag from /opt/airflow/dags/dag-pipeline.py
[2026-08-15T17:35:12.003+0000] {processor.py:839} INFO - DAG(s) dict_keys(['ecommerce_analytics_engine']) retrieved from /opt/airflow/dags/dag-pipeline.py
[2026-08-15T17:35:12.017+0000] {logging_mixin.py:154} INFO - [2026-08-15T17:35:12.017+0000] {dag.py:2941} INFO - Sync 1 DAGs
[2026-08-15T17:35:12.027+0000] {logging_mixin.py:154} INFO - [2026-08-15T17:35:12.027+0000] {dag.py:3722} INFO - Setting next_dagrun for ecommerce_analytics_engine to 2026-08-15T17:00:00+00:00, run_after=2026-08-15T18:00:00+00:00
[2026-08-15T17:35:12.033+0000] {processor.py:179} INFO - Processing /opt/airflow/dags/dag-pipeline.py took 0.042 seconds
[2026-08-15T17:35:42.269+0000] {processor.py:157} INFO - Started process (PID=872) to work on /opt/airflow/dags/dag-pipeline.py
[2026-08-15T17:35:42.269+0000] {processor.py:829} INFO - Processing file /opt/airflow/dags/dag-pipeline.py for tasks to queue
[2026-08-15T17:35:42.270+0000] {logging_mixin.py:154} INFO - [2026-08-15T17:35:42.270+0000] {dagbag.py:536} INFO - Filling up the DagBag from /opt/airflow/dags/dag-pipeline.py
[2026-08-15T17:35:42.280+0000] {processor.py:839} INFO - DAG(s) dict_keys(['ecommerce_analytics_engine']) retrieved from /opt/airflow/dags/dag-pipeline.py
[2026-08-15T17:35:42.297+0000] {logging_mixin.py:154} INFO - [2026-08-15T17:35:42.297+0000] {dag.py:2941} INFO - Sync 1 DAGs
[2026-08-15T17:35:42.308+0000] {logging_mixin.py:154} INFO - [2026-08-15T17:35:42.308+0000] {dag.py:3722} INFO - Setting next_dagrun for ecommerce_analytics_engine to 2026-08-15T17:00:00+00:00, run_after=2026-08-15T18:00:00+00:00
[2026-08-15T17:35:42.317+0000] {processor.py:179} INFO - Processing /opt/airflow/dags/dag-pipeline.py took 0.050 seconds
[2026-08-15T17:36:12.509+0000] {processor.py:157} INFO - Started process (PID=877) to work on /opt/airflow/dags/dag-pipeline.py
[2026-08-15T17:36:12.510+0000] {processor.py:829} INFO - Processing file /opt/airflow/dags/dag-pipeline.py for tasks to queue
[2026-08-15T17:36:12.511+0000] {logging_mixin.py:154} INFO - [2026-08-15T17:36:12.511+0000] {dagbag.py:536} INFO - Filling up the DagBag from /opt/airflow/dags/dag-pipeline.py
[2026-08-15T17:36:12.518+0000] {processor.py:839} INFO - DAG(s) dict_keys(['ecommerce_analytics_engine']) retrieved from /opt/airflow/dags/dag-pipeline.py
[2026-08-15T17:36:12.528+0000] {logging_mixin.py:154} INFO - [2026-08-15T17:36:12.528+0000] {dag.py:2941} INFO - Sync 1 DAGs
[2026-08-15T17:36:12.534+0000] {logging_mixin.py:154} INFO - [2026-08-15T17:36:12.534+0000] {dag.py:3722} INFO - Setting next_dagrun for ecommerce_analytics_engine to 2026-08-15T17:00:00+00:00, run_after=2026-08-15T18:00:00+00:00
[2026-08-15T17:36:12.539+0000] {processor.py:179} INFO - Processing /opt/airflow/dags/dag-pipeline.py took 0.032 seconds
[2026-08-15T17:36:42.779+0000] {processor.py:157} INFO - Started process (PID=882) to work on /opt/airflow/dags/dag-pipeline.py
[2026-08-15T17:36:42.780+0000] {processor.py:829} INFO - Processing file /opt/airflow/dags/dag-pipeline.py for tasks to queue
[2026-08-15T17:36:42.780+0000] {logging_mixin.py:154} INFO - [2026-08-15T17:36:42.780+0000] {dagbag.py:536} INFO - Filling up the DagBag from /opt/airflow/dags/dag-pipeline.py
[2026-08-15T17:36:42.791+0000] {processor.py:839} INFO - DAG(s) dict_keys(['ecommerce_analytics_engine']) retrieved from /opt/airflow/dags/dag-pipeline.py
[2026-08-15T17:36:42.805+0000] {logging_mixin.py:154} INFO - [2026-08-15T17:36:42.805+0000] {dag.py:2941} INFO - Sync 1 DAGs
[2026-08-15T17:36:42.815+0000] {logging_mixin.py:154} INFO - [2026-08-15T17:36:42.815+0000] {dag.py:3722} INFO - Setting next_dagrun for ecommerce_analytics_engine to 2026-08-15T17:00:00+00:00, run_after=2026-08-15T18:00:00+00:00
[2026-08-15T17:36:42.820+0000] {processor.py:179} INFO - Processing /opt/airflow/dags/dag-pipeline.py took 0.043 seconds
[2026-08-15T17:37:13.037+0000] {processor.py:157} INFO - Started process (PID=887) to work on /opt/airflow/dags/dag-pipeline.py
[2026-08-15T17:37:13.038+0000] {processor.py:829} INFO - Processing file /opt/airflow/dags/dag-pipeline.py for tasks to queue
[2026-08-15T17:37:13.039+0000] {logging_mixin.py:154} INFO - [2026-08-15T17:37:13.038+0000] {dagbag.py:536} INFO - Filling up the DagBag from /opt/airflow/dags/dag-pipeline.py
[2026-08-15T17:37:13.049+0000] {processor.py:839} INFO - DAG(s) dict_keys(['ecommerce_analytics_engine']) retrieved from /opt/airflow/dags/dag-pipeline.py
[2026-08-15T17:37:13.063+0000] {logging_mixin.py:154} INFO - [2026-08-15T17:37:13.063+0000] {dag.py:2941} INFO - Sync 1 DAGs
[2026-08-15T17:37:13.073+0000] {logging_mixin.py:154} INFO - [2026-08-15T17:37:13.072+0000] {dag.py:3722} INFO - Setting next_dagrun for ecommerce_analytics_engine to 2026-08-15T17:00:00+00:00, run_after=2026-08-15T18:00:00+00:00
[2026-08-15T17:37:13.078+0000] {processor.py:179} INFO - Processing /opt/airflow/dags/dag-pipeline.py took 0.043 seconds
[2026-08-15T17:37:43.291+0000] {processor.py:157} INFO - Started process (PID=892) to work on /opt/airflow/dags/dag-pipeline.py
[2026-08-15T17:37:43.292+0000] {processor.py:829} INFO - Processing file /opt/airflow/dags/dag-pipeline.py for tasks to queue
[2026-08-15T17:37:43.293+0000] {logging_mixin.py:154} INFO - [2026-08-15T17:37:43.293+0000] {dagbag.py:536} INFO - Filling up the DagBag from /opt/airflow/dags/dag-pipeline.py
[2026-08-15T17:37:43.302+0000] {processor.py:839} INFO - DAG(s) dict_keys(['ecommerce_analytics_engine']) retrieved from /opt/airflow/dags/dag-pipeline.py
[2026-08-15T17:37:43.315+0000] {logging_mixin.py:154} INFO - [2026-08-15T17:37:43.315+0000] {dag.py:2941} INFO - Sync 1 DAGs
[2026-08-15T17:37:43.325+0000] {logging_mixin.py:154} INFO - [2026-08-15T17:37:43.325+0000] {dag.py:3722} INFO - Setting next_dagrun for ecommerce_analytics_engine to 2026-08-15T17:00:00+00:00, run_after=2026-08-15T18:00:00+00:00
[2026-08-15T17:37:43.332+0000] {processor.py:179} INFO - Processing /opt/airflow/dags/dag-pipeline.py took 0.043 seconds
[2026-08-15T17:38:13.562+0000] {processor.py:157} INFO - Started process (PID=897) to work on /opt/airflow/dags/dag-pipeline.py
[2026-08-15T17:38:13.562+0000] {processor.py:829} INFO - Processing file /opt/airflow/dags/dag-pipeline.py for tasks to queue
[2026-08-15T17:38:13.563+0000] {logging_mixin.py:154} INFO - [2026-08-15T17:38:13.562+0000] {dagbag.py:536} INFO - Filling up the DagBag from /opt/airflow/dags/dag-pipeline.py
[2026-08-15T17:38:13.573+0000] {processor.py:839} INFO - DAG(s) dict_keys(['ecommerce_analytics_engine']) retrieved from /opt/airflow/dags/dag-pipeline.py
[2026-08-15T17:38:13.588+0000] {logging_mixin.py:154} INFO - [2026-08-15T17:38:13.588+0000] {dag.py:2941} INFO - Sync 1 DAGs
[2026-08-15T17:38:13.599+0000] {logging_mixin.py:154} INFO - [2026-08-15T17:38:13.599+0000] {dag.py:3722} INFO - Setting next_dagrun for ecommerce_analytics_engine to 2026-08-15T17:00:00+00:00, run_after=2026-08-15T18:00:00+00:00
[2026-08-15T17:38:13.606+0000] {processor.py:179} INFO - Processing /opt/airflow/dags/dag-pipeline.py took 0.046 seconds
[2026-08-15T17:38:43.810+0000] {processor.py:157} INFO - Started process (PID=902) to work on /opt/airflow/dags/dag-pipeline.py
[2026-08-15T17:38:43.811+0000] {processor.py:829} INFO - Processing file /opt/airflow/dags/dag-pipeline.py for tasks to queue
[2026-08-15T17:38:43.812+0000] {logging_mixin.py:154} INFO - [2026-08-15T17:38:43.811+0000] {dagbag.py:536} INFO - Filling up the DagBag from /opt/airflow/dags/dag-pipeline.py
[2026-08-15T17:38:43.821+0000] {processor.py:839} INFO - DAG(s) dict_keys(['ecommerce_analytics_engine']) retrieved from /opt/airflow/dags/dag-pipeline.py
[2026-08-15T17:38:43.834+0000] {logging_mixin.py:154} INFO - [2026-08-15T17:38:43.834+0000] {dag.py:2941} INFO - Sync 1 DAGs
[2026-08-15T17:38:43.845+0000] {logging_mixin.py:154} INFO - [2026-08-15T17:38:43.845+0000] {dag.py:3722} INFO - Setting next_dagrun for ecommerce_analytics_engine to 2026-08-15T17:00:00+00:00, run_after=2026-08-15T18:00:00+00:00
[2026-08-15T17:38:43.852+0000] {processor.py:179} INFO - Processing /opt/airflow/dags/dag-pipeline.py took 0.044 seconds
[2026-08-15T17:39:14.093+0000] {processor.py:157} INFO - Started process (PID=907) to work on /opt/airflow/dags/dag-pipeline.py
[2026-08-15T17:39:14.094+0000] {processor.py:829} INFO - Processing file /opt/airflow/dags/dag-pipeline.py for tasks to queue
[2026-08-15T17:39:14.094+0000] {logging_mixin.py:154} INFO - [2026-08-15T17:39:14.094+0000] {dagbag.py:536} INFO - Filling up the DagBag from /opt/airflow/dags/dag-pipeline.py
[2026-08-15T17:39:14.105+0000] {processor.py:839} INFO - DAG(s) dict_keys(['ecommerce_analytics_engine']) retrieved from /opt/airflow/dags/dag-pipeline.py
[2026-08-15T17:39:14.121+0000] {logging_mixin.py:154} INFO - [2026-08-15T17:39:14.121+0000] {dag.py:2941} INFO - Sync 1 DAGs
[2026-08-15T17:39:14.131+0000] {logging_mixin.py:154} INFO - [2026-08-15T17:39:14.131+0000] {dag.py:3722} INFO - Setting next_dagrun for ecommerce_analytics_engine to 2026-08-15T17:00:00+00:00, run_after=2026-08-15T18:00:00+00:00
[2026-08-15T17:39:14.138+0000] {processor.py:179} INFO - Processing /opt/airflow/dags/dag-pipeline.py took 0.046 seconds
[2026-08-15T17:39:44.341+0000] {processor.py:157} INFO - Started process (PID=912) to work on /opt/airflow/dags/dag-pipeline.py
[2026-08-15T17:39:44.342+0000] {processor.py:829} INFO - Processing file /opt/airflow/dags/dag-pipeline.py for tasks to queue
[2026-08-15T17:39:44.342+0000] {logging_mixin.py:154} INFO - [2026-08-15T17:39:44.342+0000] {dagbag.py:536} INFO - Filling up the DagBag from /opt/airflow/dags/dag-pipeline.py
[2026-08-15T17:39:44.354+0000] {processor.py:839} INFO - DAG(s) dict_keys(['ecommerce_analytics_engine']) retrieved from /opt/airflow/dags/dag-pipeline.py
[2026-08-15T17:39:44.369+0000] {logging_mixin.py:154} INFO - [2026-08-15T17:39:44.369+0000] {dag.py:2941} INFO - Sync 1 DAGs
[2026-08-15T17:39:44.379+0000] {logging_mixin.py:154} INFO - [2026-08-15T17:39:44.379+0000] {dag.py:3722} INFO - Setting next_dagrun for ecommerce_analytics_engine to 2026-08-15T17:00:00+00:00, run_after=2026-08-15T18:00:00+00:00
[2026-08-15T17:39:44.386+0000] {processor.py:179} INFO - Processing /opt/airflow/dags/dag-pipeline.py took 0.048 seconds
[2026-08-15T17:40:14.665+0000] {processor.py:157} INFO - Started process (PID=917) to work on /opt/airflow/dags/dag-pipeline.py
[2026-08-15T17:40:14.666+0000] {processor.py:829} INFO - Processing file /opt/airflow/dags/dag-pipeline.py for tasks to queue
[2026-08-15T17:40:14.666+0000] {logging_mixin.py:154} INFO - [2026-08-15T17:40:14.666+0000] {dagbag.py:536} INFO - Filling up the DagBag from /opt/airflow/dags/dag-pipeline.py
[2026-08-15T17:40:14.677+0000] {processor.py:839} INFO - DAG(s) dict_keys(['ecommerce_analytics_engine']) retrieved from /opt/airflow/dags/dag-pipeline.py
[2026-08-15T17:40:14.693+0000] {logging_mixin.py:154} INFO - [2026-08-15T17:40:14.693+0000] {dag.py:2941} INFO - Sync 1 DAGs
[2026-08-15T17:40:14.704+0000] {logging_mixin.py:154} INFO - [2026-08-15T17:40:14.704+0000] {dag.py:3722} INFO - Setting next_dagrun for ecommerce_analytics_engine to 2026-08-15T17:00:00+00:00, run_after=2026-08-15T18:00:00+00:00
[2026-08-15T17:40:14.711+0000] {processor.py:179} INFO - Processing /opt/airflow/dags/dag-pipeline.py took 0.047 seconds
[2026-08-15T17:40:44.874+0000] {processor.py:157} INFO - Started process (PID=922) to work on /opt/airflow/dags/dag-pipeline.py
[2026-08-15T17:40:44.874+0000] {processor.py:829} INFO - Processing file /opt/airflow/dags/dag-pipeline.py for tasks to queue
[2026-08-15T17:40:44.875+0000] {logging_mixin.py:154} INFO - [2026-08-15T17:40:44.874+0000] {dagbag.py:536} INFO - Filling up the DagBag from /opt/airflow/dags/dag-pipeline.py
[2026-08-15T17:40:44.881+0000] {processor.py:839} INFO - DAG(s) dict_keys(['ecommerce_analytics_engine']) retrieved from /opt/airflow/dags/dag-pipeline.py
[2026-08-15T17:40:44.891+0000] {logging_mixin.py:154} INFO - [2026-08-15T17:40:44.891+0000] {dag.py:2941} INFO - Sync 1 DAGs
[2026-08-15T17:40:44.899+0000] {logging_mixin.py:154} INFO - [2026-08-15T17:40:44.899+0000] {dag.py:3722} INFO - Setting next_dagrun for ecommerce_analytics_engine to 2026-08-15T17:00:00+00:00, run_after=2026-08-15T18:00:00+00:00
[2026-08-15T17:40:44.904+0000] {processor.py:179} INFO - Processing /opt/airflow/dags/dag-pipeline.py took 0.032 seconds
[2026-08-15T17:41:15.123+0000] {processor.py:157} INFO - Started process (PID=927) to work on /opt/airflow/dags/dag-pipeline.py
[2026-08-15T17:41:15.124+0000] {processor.py:829} INFO - Processing file /opt/airflow/dags/dag-pipeline.py for tasks to queue
[2026-08-15T17:41:15.124+0000] {logging_mixin.py:154} INFO - [2026-08-15T17:41:15.124+0000] {dagbag.py:536} INFO - Filling up the DagBag from /opt/airflow/dags/dag-pipeline.py
[2026-08-15T17:41:15.135+0000] {processor.py:839} INFO - DAG(s) dict_keys(['ecommerce_analytics_engine']) retrieved from /opt/airflow/dags/dag-pipeline.py
[2026-08-15T17:41:15.151+0000] {logging_mixin.py:154} INFO - [2026-08-15T17:41:15.150+0000] {dag.py:2941} INFO - Sync 1 DAGs
[2026-08-15T17:41:15.162+0000] {logging_mixin.py:154} INFO - [2026-08-15T17:41:15.162+0000] {dag.py:3722} INFO - Setting next_dagrun for ecommerce_analytics_engine to 2026-08-15T17:00:00+00:00, run_after=2026-08-15T18:00:00+00:00
[2026-08-15T17:41:15.171+0000] {processor.py:179} INFO - Processing /opt/airflow/dags/dag-pipeline.py took 0.049 seconds
[2026-08-15T17:41:45.384+0000] {processor.py:157} INFO - Started process (PID=932) to work on /opt/airflow/dags/dag-pipeline.py
[2026-08-15T17:41:45.384+0000] {processor.py:829} INFO - Processing file /opt/airflow/dags/dag-pipeline.py for tasks to queue
[2026-08-15T17:41:45.385+0000] {logging_mixin.py:154} INFO - [2026-08-15T17:41:45.384+0000] {dagbag.py:536} INFO - Filling up the DagBag from /opt/airflow/dags/dag-pipeline.py
[2026-08-15T17:41:45.396+0000] {processor.py:839} INFO - DAG(s) dict_keys(['ecommerce_analytics_engine']) retrieved from /opt/airflow/dags/dag-pipeline.py
[2026-08-15T17:41:45.411+0000] {logging_mixin.py:154} INFO - [2026-08-15T17:41:45.411+0000] {dag.py:2941} INFO - Sync 1 DAGs
[2026-08-15T17:41:45.422+0000] {logging_mixin.py:154} INFO - [2026-08-15T17:41:45.422+0000] {dag.py:3722} INFO - Setting next_dagrun for ecommerce_analytics_engine to 2026-08-15T17:00:00+00:00, run_after=2026-08-15T18:00:00+00:00
[2026-08-15T17:41:45.429+0000] {processor.py:179} INFO - Processing /opt/airflow/dags/dag-pipeline.py took 0.048 seconds
[2026-08-15T17:42:15.606+0000] {processor.py:157} INFO - Started process (PID=937) to work on /opt/airflow/dags/dag-pipeline.py
[2026-08-15T17:42:15.607+0000] {processor.py:829} INFO - Processing file /opt/airflow/dags/dag-pipeline.py for tasks to queue
[2026-08-15T17:42:15.607+0000] {logging_mixin.py:154} INFO - [2026-08-15T17:42:15.607+0000] {dagbag.py:536} INFO - Filling up the DagBag from /opt/airflow/dags/dag-pipeline.py
[2026-08-15T17:42:15.618+0000] {processor.py:839} INFO - DAG(s) dict_keys(['ecommerce_analytics_engine']) retrieved from /opt/airflow/dags/dag-pipeline.py
[2026-08-15T17:42:15.633+0000] {logging_mixin.py:154} INFO - [2026-08-15T17:42:15.633+0000] {dag.py:2941} INFO - Sync 1 DAGs
[2026-08-15T17:42:15.643+0000] {logging_mixin.py:154} INFO - [2026-08-15T17:42:15.643+0000] {dag.py:3722} INFO - Setting next_dagrun for ecommerce_analytics_engine to 2026-08-15T17:00:00+00:00, run_after=2026-08-15T18:00:00+00:00
[2026-08-15T17:42:15.649+0000] {processor.py:179} INFO - Processing /opt/airflow/dags/dag-pipeline.py took 0.045 seconds
[2026-08-15T17:42:45.836+0000] {processor.py:157} INFO - Started process (PID=942) to work on /opt/airflow/dags/dag-pipeline.py
[2026-08-15T17:42:45.837+0000] {processor.py:829} INFO - Processing file /opt/airflow/dags/dag-pipeline.py for tasks to queue
[2026-08-15T17:42:45.838+0000] {logging_mixin.py:154} INFO - [2026-08-15T17:42:45.837+0000] {dagbag.py:536} INFO - Filling up the DagBag from /opt/airflow/dags/dag-pipeline.py
[2026-08-15T17:42:45.849+0000] {processor.py:839} INFO - DAG(s) dict_keys(['ecommerce_analytics_engine']) retrieved from /opt/airflow/dags/dag-pipeline.py
[2026-08-15T17:42:45.864+0000] {logging_mixin.py:154} INFO - [2026-08-15T17:42:45.864+0000] {dag.py:2941} INFO - Sync 1 DAGs
[2026-08-15T17:42:45.873+0000] {logging_mixin.py:154} INFO - [2026-08-15T17:42:45.873+0000] {dag.py:3722} INFO - Setting next_dagrun for ecommerce_analytics_engine to 2026-08-15T17:00:00+00:00, run_after=2026-08-15T18:00:00+00:00
[2026-08-15T17:42:45.879+0000] {processor.py:179} INFO - Processing /opt/airflow/dags/dag-pipeline.py took 0.046 seconds
[2026-08-15T17:43:16.077+0000] {processor.py:157} INFO - Started process (PID=947) to work on /opt/airflow/dags/dag-pipeline.py
[2026-08-15T17:43:16.077+0000] {processor.py:829} INFO - Processing file /opt/airflow/dags/dag-pipeline.py for tasks to queue
[2026-08-15T17:43:16.078+0000] {logging_mixin.py:154} INFO - [2026-08-15T17:43:16.078+0000] {dagbag.py:536} INFO - Filling up the DagBag from /opt/airflow/dags/dag-pipeline.py
[2026-08-15T17:43:16.086+0000] {processor.py:839} INFO - DAG(s) dict_keys(['ecommerce_analytics_engine']) retrieved from /opt/airflow/dags/dag-pipeline.py
[2026-08-15T17:43:16.098+0000] {logging_mixin.py:154} INFO - [2026-08-15T17:43:16.098+0000] {dag.py:2941} INFO - Sync 1 DAGs
[2026-08-15T17:43:16.107+0000] {logging_mixin.py:154} INFO - [2026-08-15T17:43:16.107+0000] {dag.py:3722} INFO - Setting next_dagrun for ecommerce_analytics_engine to 2026-08-15T17:00:00+00:00, run_after=2026-08-15T18:00:00+00:00
[2026-08-15T17:43:16.112+0000] {processor.py:179} INFO - Processing /opt/airflow/dags/dag-pipeline.py took 0.037 seconds
[2026-08-15T17:43:46.321+0000] {processor.py:157} INFO - Started process (PID=952) to work on /opt/airflow/dags/dag-pipeline.py
[2026-08-15T17:43:46.322+0000] {processor.py:829} INFO - Processing file /opt/airflow/dags/dag-pipeline.py for tasks to queue
[2026-08-15T17:43:46.322+0000] {logging_mixin.py:154} INFO - [2026-08-15T17:43:46.322+0000] {dagbag.py:536} INFO - Filling up the DagBag from /opt/airflow/dags/dag-pipeline.py
[2026-08-15T17:43:46.333+0000] {processor.py:839} INFO - DAG(s) dict_keys(['ecommerce_analytics_engine']) retrieved from /opt/airflow/dags/dag-pipeline.py
[2026-08-15T17:43:46.349+0000] {logging_mixin.py:154} INFO - [2026-08-15T17:43:46.349+0000] {dag.py:2941} INFO - Sync 1 DAGs
[2026-08-15T17:43:46.360+0000] {logging_mixin.py:154} INFO - [2026-08-15T17:43:46.360+0000] {dag.py:3722} INFO - Setting next_dagrun for ecommerce_analytics_engine to 2026-08-15T17:00:00+00:00, run_after=2026-08-15T18:00:00+00:00
[2026-08-15T17:43:46.367+0000] {processor.py:179} INFO - Processing /opt/airflow/dags/dag-pipeline.py took 0.048 seconds
[2026-08-15T17:44:16.559+0000] {processor.py:157} INFO - Started process (PID=957) to work on /opt/airflow/dags/dag-pipeline.py
[2026-08-15T17:44:16.560+0000] {processor.py:829} INFO - Processing file /opt/airflow/dags/dag-pipeline.py for tasks to queue
[2026-08-15T17:44:16.560+0000] {logging_mixin.py:154} INFO - [2026-08-15T17:44:16.560+0000] {dagbag.py:536} INFO - Filling up the DagBag from /opt/airflow/dags/dag-pipeline.py
[2026-08-15T17:44:16.570+0000] {processor.py:839} INFO - DAG(s) dict_keys(['ecommerce_analytics_engine']) retrieved from /opt/airflow/dags/dag-pipeline.py
[2026-08-15T17:44:16.585+0000] {logging_mixin.py:154} INFO - [2026-08-15T17:44:16.585+0000] {dag.py:2941} INFO - Sync 1 DAGs
[2026-08-15T17:44:16.596+0000] {logging_mixin.py:154} INFO - [2026-08-15T17:44:16.596+0000] {dag.py:3722} INFO - Setting next_dagrun for ecommerce_analytics_engine to 2026-08-15T17:00:00+00:00, run_after=2026-08-15T18:00:00+00:00
[2026-08-15T17:44:16.603+0000] {processor.py:179} INFO - Processing /opt/airflow/dags/dag-pipeline.py took 0.045 seconds
[2026-08-15T17:44:46.807+0000] {processor.py:157} INFO - Started process (PID=962) to work on /opt/airflow/dags/dag-pipeline.py
[2026-08-15T17:44:46.808+0000] {processor.py:829} INFO - Processing file /opt/airflow/dags/dag-pipeline.py for tasks to queue
[2026-08-15T17:44:46.808+0000] {logging_mixin.py:154} INFO - [2026-08-15T17:44:46.808+0000] {dagbag.py:536} INFO - Filling up the DagBag from /opt/airflow/dags/dag-pipeline.py
[2026-08-15T17:44:46.819+0000] {processor.py:839} INFO - DAG(s) dict_keys(['ecommerce_analytics_engine']) retrieved from /opt/airflow/dags/dag-pipeline.py
[2026-08-15T17:44:46.835+0000] {logging_mixin.py:154} INFO - [2026-08-15T17:44:46.835+0000] {dag.py:2941} INFO - Sync 1 DAGs
[2026-08-15T17:44:46.847+0000] {logging_mixin.py:154} INFO - [2026-08-15T17:44:46.847+0000] {dag.py:3722} INFO - Setting next_dagrun for ecommerce_analytics_engine to 2026-08-15T17:00:00+00:00, run_after=2026-08-15T18:00:00+00:00
[2026-08-15T17:44:46.853+0000] {processor.py:179} INFO - Processing /opt/airflow/dags/dag-pipeline.py took 0.047 seconds
[2026-08-15T17:45:17.044+0000] {processor.py:157} INFO - Started process (PID=967) to work on /opt/airflow/dags/dag-pipeline.py
[2026-08-15T17:45:17.045+0000] {processor.py:829} INFO - Processing file /opt/airflow/dags/dag-pipeline.py for tasks to queue
[2026-08-15T17:45:17.045+0000] {logging_mixin.py:154} INFO - [2026-08-15T17:45:17.045+0000] {dagbag.py:536} INFO - Filling up the DagBag from /opt/airflow/dags/dag-pipeline.py
[2026-08-15T17:45:17.057+0000] {processor.py:839} INFO - DAG(s) dict_keys(['ecommerce_analytics_engine']) retrieved from /opt/airflow/dags/dag-pipeline.py
[2026-08-15T17:45:17.072+0000] {logging_mixin.py:154} INFO - [2026-08-15T17:45:17.072+0000] {dag.py:2941} INFO - Sync 1 DAGs
[2026-08-15T17:45:17.083+0000] {logging_mixin.py:154} INFO - [2026-08-15T17:45:17.083+0000] {dag.py:3722} INFO - Setting next_dagrun for ecommerce_analytics_engine to 2026-08-15T17:00:00+00:00, run_after=2026-08-15T18:00:00+00:00
[2026-08-15T17:45:17.088+0000] {processor.py:179} INFO - Processing /opt/airflow/dags/dag-pipeline.py took 0.047 seconds
[2026-08-15T17:45:47.330+0000] {processor.py:157} INFO - Started process (PID=972) to work on /opt/airflow/dags/dag-pipeline.py
[2026-08-15T17:45:47.330+0000] {processor.py:829} INFO - Processing file /opt/airflow/dags/dag-pipeline.py for tasks to queue
[2026-08-15T17:45:47.331+0000] {logging_mixin.py:154} INFO - [2026-08-15T17:45:47.331+0000] {dagbag.py:536} INFO - Filling up the DagBag from /opt/airflow/dags/dag-pipeline.py
[2026-08-15T17:45:47.342+0000] {processor.py:839} INFO - DAG(s) dict_keys(['ecommerce_analytics_engine']) retrieved from /opt/airflow/dags/dag-pipeline.py
[2026-08-15T17:45:47.357+0000] {logging_mixin.py:154} INFO - [2026-08-15T17:45:47.357+0000] {dag.py:2941} INFO - Sync 1 DAGs
[2026-08-15T17:45:47.367+0000] {logging_mixin.py:154} INFO - [2026-08-15T17:45:47.367+0000] {dag.py:3722} INFO - Setting next_dagrun for ecommerce_analytics_engine to 2026-08-15T17:00:00+00:00, run_after=2026-08-15T18:00:00+00:00
[2026-08-15T17:45:47.374+0000] {processor.py:179} INFO - Processing /opt/airflow/dags/dag-pipeline.py took 0.046 seconds
[2026-08-15T17:46:17.587+0000] {processor.py:157} INFO - Started process (PID=977) to work on /opt/airflow/dags/dag-pipeline.py
[2026-08-15T17:46:17.587+0000] {processor.py:829} INFO - Processing file /opt/airflow/dags/dag-pipeline.py for tasks to queue
[2026-08-15T17:46:17.588+0000] {logging_mixin.py:154} INFO - [2026-08-15T17:46:17.587+0000] {dagbag.py:536} INFO - Filling up the DagBag from /opt/airflow/dags/dag-pipeline.py
[2026-08-15T17:46:17.598+0000] {processor.py:839} INFO - DAG(s) dict_keys(['ecommerce_analytics_engine']) retrieved from /opt/airflow/dags/dag-pipeline.py
[2026-08-15T17:46:17.613+0000] {logging_mixin.py:154} INFO - [2026-08-15T17:46:17.613+0000] {dag.py:2941} INFO - Sync 1 DAGs
[2026-08-15T17:46:17.623+0000] {logging_mixin.py:154} INFO - [2026-08-15T17:46:17.623+0000] {dag.py:3722} INFO - Setting next_dagrun for ecommerce_analytics_engine to 2026-08-15T17:00:00+00:00, run_after=2026-08-15T18:00:00+00:00
[2026-08-15T17:46:17.630+0000] {processor.py:179} INFO - Processing /opt/airflow/dags/dag-pipeline.py took 0.045 seconds
[2026-08-15T17:46:47.855+0000] {processor.py:157} INFO - Started process (PID=982) to work on /opt/airflow/dags/dag-pipeline.py
[2026-08-15T17:46:47.855+0000] {processor.py:829} INFO - Processing file /opt/airflow/dags/dag-pipeline.py for tasks to queue
[2026-08-15T17:46:47.856+0000] {logging_mixin.py:154} INFO - [2026-08-15T17:46:47.856+0000] {dagbag.py:536} INFO - Filling up the DagBag from /opt/airflow/dags/dag-pipeline.py
[2026-08-15T17:46:47.866+0000] {processor.py:839} INFO - DAG(s) dict_keys(['ecommerce_analytics_engine']) retrieved from /opt/airflow/dags/dag-pipeline.py
[2026-08-15T17:46:47.883+0000] {logging_mixin.py:154} INFO - [2026-08-15T17:46:47.882+0000] {dag.py:2941} INFO - Sync 1 DAGs
[2026-08-15T17:46:47.893+0000] {logging_mixin.py:154} INFO - [2026-08-15T17:46:47.893+0000] {dag.py:3722} INFO - Setting next_dagrun for ecommerce_analytics_engine to 2026-08-15T17:00:00+00:00, run_after=2026-08-15T18:00:00+00:00
[2026-08-15T17:46:47.901+0000] {processor.py:179} INFO - Processing /opt/airflow/dags/dag-pipeline.py took 0.048 seconds
[2026-08-15T17:47:18.123+0000] {processor.py:157} INFO - Started process (PID=987) to work on /opt/airflow/dags/dag-pipeline.py
[2026-08-15T17:47:18.123+0000] {processor.py:829} INFO - Processing file /opt/airflow/dags/dag-pipeline.py for tasks to queue
[2026-08-15T17:47:18.124+0000] {logging_mixin.py:154} INFO - [2026-08-15T17:47:18.124+0000] {dagbag.py:536} INFO - Filling up the DagBag from /opt/airflow/dags/dag-pipeline.py
[2026-08-15T17:47:18.135+0000] {processor.py:839} INFO - DAG(s) dict_keys(['ecommerce_analytics_engine']) retrieved from /opt/airflow/dags/dag-pipeline.py
[2026-08-15T17:47:18.151+0000] {logging_mixin.py:154} INFO - [2026-08-15T17:47:18.150+0000] {dag.py:2941} INFO - Sync 1 DAGs
[2026-08-15T17:47:18.161+0000] {logging_mixin.py:154} INFO - [2026-08-15T17:47:18.161+0000] {dag.py:3722} INFO - Setting next_dagrun for ecommerce_analytics_engine to 2026-08-15T17:00:00+00:00, run_after=2026-08-15T18:00:00+00:00
[2026-08-15T17:47:18.167+0000] {processor.py:179} INFO - Processing /opt/airflow/dags/dag-pipeline.py took 0.047 seconds
[2026-08-15T17:47:48.368+0000] {processor.py:157} INFO - Started process (PID=992) to work on /opt/airflow/dags/dag-pipeline.py
[2026-08-15T17:47:48.368+0000] {processor.py:829} INFO - Processing file /opt/airflow/dags/dag-pipeline.py for tasks to queue
[2026-08-15T17:47:48.369+0000] {logging_mixin.py:154} INFO - [2026-08-15T17:47:48.368+0000] {dagbag.py:536} INFO - Filling up the DagBag from /opt/airflow/dags/dag-pipeline.py
[2026-08-15T17:47:48.379+0000] {processor.py:839} INFO - DAG(s) dict_keys(['ecommerce_analytics_engine']) retrieved from /opt/airflow/dags/dag-pipeline.py
[2026-08-15T17:47:48.395+0000] {logging_mixin.py:154} INFO - [2026-08-15T17:47:48.395+0000] {dag.py:2941} INFO - Sync 1 DAGs
[2026-08-15T17:47:48.405+0000] {logging_mixin.py:154} INFO - [2026-08-15T17:47:48.405+0000] {dag.py:3722} INFO - Setting next_dagrun for ecommerce_analytics_engine to 2026-08-15T17:00:00+00:00, run_after=2026-08-15T18:00:00+00:00
[2026-08-15T17:47:48.415+0000] {processor.py:179} INFO - Processing /opt/airflow/dags/dag-pipeline.py took 0.050 seconds
[2026-08-15T17:48:18.610+0000] {processor.py:157} INFO - Started process (PID=997) to work on /opt/airflow/dags/dag-pipeline.py
[2026-08-15T17:48:18.611+0000] {processor.py:829} INFO - Processing file /opt/airflow/dags/dag-pipeline.py for tasks to queue
[2026-08-15T17:48:18.612+0000] {logging_mixin.py:154} INFO - [2026-08-15T17:48:18.611+0000] {dagbag.py:536} INFO - Filling up the DagBag from /opt/airflow/dags/dag-pipeline.py
[2026-08-15T17:48:18.625+0000] {processor.py:839} INFO - DAG(s) dict_keys(['ecommerce_analytics_engine']) retrieved from /opt/airflow/dags/dag-pipeline.py
[2026-08-15T17:48:18.640+0000] {logging_mixin.py:154} INFO - [2026-08-15T17:48:18.640+0000] {dag.py:2941} INFO - Sync 1 DAGs
[2026-08-15T17:48:18.650+0000] {logging_mixin.py:154} INFO - [2026-08-15T17:48:18.650+0000] {dag.py:3722} INFO - Setting next_dagrun for ecommerce_analytics_engine to 2026-08-15T17:00:00+00:00, run_after=2026-08-15T18:00:00+00:00
[2026-08-15T17:48:18.656+0000] {processor.py:179} INFO - Processing /opt/airflow/dags/dag-pipeline.py took 0.049 seconds
[2026-08-15T17:48:48.861+0000] {processor.py:157} INFO - Started process (PID=1002) to work on /opt/airflow/dags/dag-pipeline.py
[2026-08-15T17:48:48.861+0000] {processor.py:829} INFO - Processing file /opt/airflow/dags/dag-pipeline.py for tasks to queue
[2026-08-15T17:48:48.862+0000] {logging_mixin.py:154} INFO - [2026-08-15T17:48:48.861+0000] {dagbag.py:536} INFO - Filling up the DagBag from /opt/airflow/dags/dag-pipeline.py
[2026-08-15T17:48:48.873+0000] {processor.py:839} INFO - DAG(s) dict_keys(['ecommerce_analytics_engine']) retrieved from /opt/airflow/dags/dag-pipeline.py
[2026-08-15T17:48:48.888+0000] {logging_mixin.py:154} INFO - [2026-08-15T17:48:48.888+0000] {dag.py:2941} INFO - Sync 1 DAGs
[2026-08-15T17:48:48.898+0000] {logging_mixin.py:154} INFO - [2026-08-15T17:48:48.898+0000] {dag.py:3722} INFO - Setting next_dagrun for ecommerce_analytics_engine to 2026-08-15T17:00:00+00:00, run_after=2026-08-15T18:00:00+00:00
[2026-08-15T17:48:48.905+0000] {processor.py:179} INFO - Processing /opt/airflow/dags/dag-pipeline.py took 0.047 seconds
[2026-08-15T17:49:19.113+0000] {processor.py:157} INFO - Started process (PID=1007) to work on /opt/airflow/dags/dag-pipeline.py
[2026-08-15T17:49:19.114+0000] {processor.py:829} INFO - Processing file /opt/airflow/dags/dag-pipeline.py for tasks to queue
[2026-08-15T17:49:19.114+0000] {logging_mixin.py:154} INFO - [2026-08-15T17:49:19.114+0000] {dagbag.py:536} INFO - Filling up the DagBag from /opt/airflow/dags/dag-pipeline.py
[2026-08-15T17:49:19.125+0000] {processor.py:839} INFO - DAG(s) dict_keys(['ecommerce_analytics_engine']) retrieved from /opt/airflow/dags/dag-pipeline.py
[2026-08-15T17:49:19.142+0000] {logging_mixin.py:154} INFO - [2026-08-15T17:49:19.141+0000] {dag.py:2941} INFO - Sync 1 DAGs
[2026-08-15T17:49:19.152+0000] {logging_mixin.py:154} INFO - [2026-08-15T17:49:19.152+0000] {dag.py:3722} INFO - Setting next_dagrun for ecommerce_analytics_engine to 2026-08-15T17:00:00+00:00, run_after=2026-08-15T18:00:00+00:00
[2026-08-15T17:49:19.159+0000] {processor.py:179} INFO - Processing /opt/airflow/dags/dag-pipeline.py took 0.047 seconds
[2026-08-15T17:49:49.384+0000] {processor.py:157} INFO - Started process (PID=1012) to work on /opt/airflow/dags/dag-pipeline.py
[2026-08-15T17:49:49.384+0000] {processor.py:829} INFO - Processing file /opt/airflow/dags/dag-pipeline.py for tasks to queue
[2026-08-15T17:49:49.385+0000] {logging_mixin.py:154} INFO - [2026-08-15T17:49:49.385+0000] {dagbag.py:536} INFO - Filling up the DagBag from /opt/airflow/dags/dag-pipeline.py
[2026-08-15T17:49:49.395+0000] {processor.py:839} INFO - DAG(s) dict_keys(['ecommerce_analytics_engine']) retrieved from /opt/airflow/dags/dag-pipeline.py
[2026-08-15T17:49:49.411+0000] {logging_mixin.py:154} INFO - [2026-08-15T17:49:49.411+0000] {dag.py:2941} INFO - Sync 1 DAGs
[2026-08-15T17:49:49.422+0000] {logging_mixin.py:154} INFO - [2026-08-15T17:49:49.422+0000] {dag.py:3722} INFO - Setting next_dagrun for ecommerce_analytics_engine to 2026-08-15T17:00:00+00:00, run_after=2026-08-15T18:00:00+00:00
[2026-08-15T17:49:49.429+0000] {processor.py:179} INFO - Processing /opt/airflow/dags/dag-pipeline.py took 0.047 seconds
[2026-08-15T17:50:19.651+0000] {processor.py:157} INFO - Started process (PID=1017) to work on /opt/airflow/dags/dag-pipeline.py
[2026-08-15T17:50:19.651+0000] {processor.py:829} INFO - Processing file /opt/airflow/dags/dag-pipeline.py for tasks to queue
[2026-08-15T17:50:19.652+0000] {logging_mixin.py:154} INFO - [2026-08-15T17:50:19.651+0000] {dagbag.py:536} INFO - Filling up the DagBag from /opt/airflow/dags/dag-pipeline.py
[2026-08-15T17:50:19.662+0000] {processor.py:839} INFO - DAG(s) dict_keys(['ecommerce_analytics_engine']) retrieved from /opt/airflow/dags/dag-pipeline.py
[2026-08-15T17:50:19.678+0000] {logging_mixin.py:154} INFO - [2026-08-15T17:50:19.678+0000] {dag.py:2941} INFO - Sync 1 DAGs
[2026-08-15T17:50:19.689+0000] {logging_mixin.py:154} INFO - [2026-08-15T17:50:19.689+0000] {dag.py:3722} INFO - Setting next_dagrun for ecommerce_analytics_engine to 2026-08-15T17:00:00+00:00, run_after=2026-08-15T18:00:00+00:00
[2026-08-15T17:50:19.696+0000] {processor.py:179} INFO - Processing /opt/airflow/dags/dag-pipeline.py took 0.047 seconds
[2026-08-15T17:50:49.909+0000] {processor.py:157} INFO - Started process (PID=1022) to work on /opt/airflow/dags/dag-pipeline.py
[2026-08-15T17:50:49.910+0000] {processor.py:829} INFO - Processing file /opt/airflow/dags/dag-pipeline.py for tasks to queue
[2026-08-15T17:50:49.910+0000] {logging_mixin.py:154} INFO - [2026-08-15T17:50:49.910+0000] {dagbag.py:536} INFO - Filling up the DagBag from /opt/airflow/dags/dag-pipeline.py
[2026-08-15T17:50:49.922+0000] {processor.py:839} INFO - DAG(s) dict_keys(['ecommerce_analytics_engine']) retrieved from /opt/airflow/dags/dag-pipeline.py
[2026-08-15T17:50:49.938+0000] {logging_mixin.py:154} INFO - [2026-08-15T17:50:49.937+0000] {dag.py:2941} INFO - Sync 1 DAGs
[2026-08-15T17:50:49.949+0000] {logging_mixin.py:154} INFO - [2026-08-15T17:50:49.949+0000] {dag.py:3722} INFO - Setting next_dagrun for ecommerce_analytics_engine to 2026-08-15T17:00:00+00:00, run_after=2026-08-15T18:00:00+00:00
[2026-08-15T17:50:49.956+0000] {processor.py:179} INFO - Processing /opt/airflow/dags/dag-pipeline.py took 0.049 seconds
[2026-08-15T17:51:20.184+0000] {processor.py:157} INFO - Started process (PID=1027) to work on /opt/airflow/dags/dag-pipeline.py
[2026-08-15T17:51:20.184+0000] {processor.py:829} INFO - Processing file /opt/airflow/dags/dag-pipeline.py for tasks to queue
[2026-08-15T17:51:20.185+0000] {logging_mixin.py:154} INFO - [2026-08-15T17:51:20.185+0000] {dagbag.py:536} INFO - Filling up the DagBag from /opt/airflow/dags/dag-pipeline.py
[2026-08-15T17:51:20.195+0000] {processor.py:839} INFO - DAG(s) dict_keys(['ecommerce_analytics_engine']) retrieved from /opt/airflow/dags/dag-pipeline.py
[2026-08-15T17:51:20.211+0000] {logging_mixin.py:154} INFO - [2026-08-15T17:51:20.211+0000] {dag.py:2941} INFO - Sync 1 DAGs
[2026-08-15T17:51:20.222+0000] {logging_mixin.py:154} INFO - [2026-08-15T17:51:20.222+0000] {dag.py:3722} INFO - Setting next_dagrun for ecommerce_analytics_engine to 2026-08-15T17:00:00+00:00, run_after=2026-08-15T18:00:00+00:00
[2026-08-15T17:51:20.228+0000] {processor.py:179} INFO - Processing /opt/airflow/dags/dag-pipeline.py took 0.046 seconds
[2026-08-15T17:51:50.471+0000] {processor.py:157} INFO - Started process (PID=1032) to work on /opt/airflow/dags/dag-pipeline.py
[2026-08-15T17:51:50.471+0000] {processor.py:829} INFO - Processing file /opt/airflow/dags/dag-pipeline.py for tasks to queue
[2026-08-15T17:51:50.472+0000] {logging_mixin.py:154} INFO - [2026-08-15T17:51:50.472+0000] {dagbag.py:536} INFO - Filling up the DagBag from /opt/airflow/dags/dag-pipeline.py
[2026-08-15T17:51:50.483+0000] {processor.py:839} INFO - DAG(s) dict_keys(['ecommerce_analytics_engine']) retrieved from /opt/airflow/dags/dag-pipeline.py
[2026-08-15T17:51:50.499+0000] {logging_mixin.py:154} INFO - [2026-08-15T17:51:50.499+0000] {dag.py:2941} INFO - Sync 1 DAGs
[2026-08-15T17:51:50.509+0000] {logging_mixin.py:154} INFO - [2026-08-15T17:51:50.509+0000] {dag.py:3722} INFO - Setting next_dagrun for ecommerce_analytics_engine to 2026-08-15T17:00:00+00:00, run_after=2026-08-15T18:00:00+00:00
[2026-08-15T17:51:50.516+0000] {processor.py:179} INFO - Processing /opt/airflow/dags/dag-pipeline.py took 0.047 seconds
[2026-08-15T17:52:20.761+0000] {processor.py:157} INFO - Started process (PID=1037) to work on /opt/airflow/dags/dag-pipeline.py
[2026-08-15T17:52:20.762+0000] {processor.py:829} INFO - Processing file /opt/airflow/dags/dag-pipeline.py for tasks to queue
[2026-08-15T17:52:20.762+0000] {logging_mixin.py:154} INFO - [2026-08-15T17:52:20.762+0000] {dagbag.py:536} INFO - Filling up the DagBag from /opt/airflow/dags/dag-pipeline.py
[2026-08-15T17:52:20.773+0000] {processor.py:839} INFO - DAG(s) dict_keys(['ecommerce_analytics_engine']) retrieved from /opt/airflow/dags/dag-pipeline.py
[2026-08-15T17:52:20.788+0000] {logging_mixin.py:154} INFO - [2026-08-15T17:52:20.787+0000] {dag.py:2941} INFO - Sync 1 DAGs
[2026-08-15T17:52:20.798+0000] {logging_mixin.py:154} INFO - [2026-08-15T17:52:20.798+0000] {dag.py:3722} INFO - Setting next_dagrun for ecommerce_analytics_engine to 2026-08-15T17:00:00+00:00, run_after=2026-08-15T18:00:00+00:00
[2026-08-15T17:52:20.805+0000] {processor.py:179} INFO - Processing /opt/airflow/dags/dag-pipeline.py took 0.046 seconds
[2026-08-15T17:52:51.020+0000] {processor.py:157} INFO - Started process (PID=1042) to work on /opt/airflow/dags/dag-pipeline.py
[2026-08-15T17:52:51.021+0000] {processor.py:829} INFO - Processing file /opt/airflow/dags/dag-pipeline.py for tasks to queue
[2026-08-15T17:52:51.021+0000] {logging_mixin.py:154} INFO - [2026-08-15T17:52:51.021+0000] {dagbag.py:536} INFO - Filling up the DagBag from /opt/airflow/dags/dag-pipeline.py
[2026-08-15T17:52:51.031+0000] {processor.py:839} INFO - DAG(s) dict_keys(['ecommerce_analytics_engine']) retrieved from /opt/airflow/dags/dag-pipeline.py
[2026-08-15T17:52:51.046+0000] {logging_mixin.py:154} INFO - [2026-08-15T17:52:51.046+0000] {dag.py:2941} INFO - Sync 1 DAGs
[2026-08-15T17:52:51.056+0000] {logging_mixin.py:154} INFO - [2026-08-15T17:52:51.056+0000] {dag.py:3722} INFO - Setting next_dagrun for ecommerce_analytics_engine to 2026-08-15T17:00:00+00:00, run_after=2026-08-15T18:00:00+00:00
[2026-08-15T17:52:51.063+0000] {processor.py:179} INFO - Processing /opt/airflow/dags/dag-pipeline.py took 0.044 seconds
[2026-08-15T17:53:21.284+0000] {processor.py:157} INFO - Started process (PID=1047) to work on /opt/airflow/dags/dag-pipeline.py
[2026-08-15T17:53:21.284+0000] {processor.py:829} INFO - Processing file /opt/airflow/dags/dag-pipeline.py for tasks to queue
[2026-08-15T17:53:21.285+0000] {logging_mixin.py:154} INFO - [2026-08-15T17:53:21.284+0000] {dagbag.py:536} INFO - Filling up the DagBag from /opt/airflow/dags/dag-pipeline.py
[2026-08-15T17:53:21.299+0000] {processor.py:839} INFO - DAG(s) dict_keys(['ecommerce_analytics_engine']) retrieved from /opt/airflow/dags/dag-pipeline.py
[2026-08-15T17:53:21.316+0000] {logging_mixin.py:154} INFO - [2026-08-15T17:53:21.316+0000] {dag.py:2941} INFO - Sync 1 DAGs
[2026-08-15T17:53:21.326+0000] {logging_mixin.py:154} INFO - [2026-08-15T17:53:21.326+0000] {dag.py:3722} INFO - Setting next_dagrun for ecommerce_analytics_engine to 2026-08-15T17:00:00+00:00, run_after=2026-08-15T18:00:00+00:00
[2026-08-15T17:53:21.332+0000] {processor.py:179} INFO - Processing /opt/airflow/dags/dag-pipeline.py took 0.050 seconds
[2026-08-15T17:53:51.514+0000] {processor.py:157} INFO - Started process (PID=1052) to work on /opt/airflow/dags/dag-pipeline.py
[2026-08-15T17:53:51.515+0000] {processor.py:829} INFO - Processing file /opt/airflow/dags/dag-pipeline.py for tasks to queue
[2026-08-15T17:53:51.515+0000] {logging_mixin.py:154} INFO - [2026-08-15T17:53:51.515+0000] {dagbag.py:536} INFO - Filling up the DagBag from /opt/airflow/dags/dag-pipeline.py
[2026-08-15T17:53:51.527+0000] {processor.py:839} INFO - DAG(s) dict_keys(['ecommerce_analytics_engine']) retrieved from /opt/airflow/dags/dag-pipeline.py
[2026-08-15T17:53:51.542+0000] {logging_mixin.py:154} INFO - [2026-08-15T17:53:51.542+0000] {dag.py:2941} INFO - Sync 1 DAGs
[2026-08-15T17:53:51.552+0000] {logging_mixin.py:154} INFO - [2026-08-15T17:53:51.552+0000] {dag.py:3722} INFO - Setting next_dagrun for ecommerce_analytics_engine to 2026-08-15T17:00:00+00:00, run_after=2026-08-15T18:00:00+00:00
[2026-08-15T17:53:51.558+0000] {processor.py:179} INFO - Processing /opt/airflow/dags/dag-pipeline.py took 0.046 seconds
[2026-08-15T17:54:21.729+0000] {processor.py:157} INFO - Started process (PID=1057) to work on /opt/airflow/dags/dag-pipeline.py
[2026-08-15T17:54:21.729+0000] {processor.py:829} INFO - Processing file /opt/airflow/dags/dag-pipeline.py for tasks to queue
[2026-08-15T17:54:21.730+0000] {logging_mixin.py:154} INFO - [2026-08-15T17:54:21.730+0000] {dagbag.py:536} INFO - Filling up the DagBag from /opt/airflow/dags/dag-pipeline.py
[2026-08-15T17:54:21.742+0000] {processor.py:839} INFO - DAG(s) dict_keys(['ecommerce_analytics_engine']) retrieved from /opt/airflow/dags/dag-pipeline.py
[2026-08-15T17:54:21.758+0000] {logging_mixin.py:154} INFO - [2026-08-15T17:54:21.758+0000] {dag.py:2941} INFO - Sync 1 DAGs
[2026-08-15T17:54:21.767+0000] {logging_mixin.py:154} INFO - [2026-08-15T17:54:21.767+0000] {dag.py:3722} INFO - Setting next_dagrun for ecommerce_analytics_engine to 2026-08-15T17:00:00+00:00, run_after=2026-08-15T18:00:00+00:00
[2026-08-15T17:54:21.773+0000] {processor.py:179} INFO - Processing /opt/airflow/dags/dag-pipeline.py took 0.047 seconds
[2026-08-15T17:54:51.938+0000] {processor.py:157} INFO - Started process (PID=1062) to work on /opt/airflow/dags/dag-pipeline.py
[2026-08-15T17:54:51.938+0000] {processor.py:829} INFO - Processing file /opt/airflow/dags/dag-pipeline.py for tasks to queue
[2026-08-15T17:54:51.940+0000] {logging_mixin.py:154} INFO - [2026-08-15T17:54:51.939+0000] {dagbag.py:536} INFO - Filling up the DagBag from /opt/airflow/dags/dag-pipeline.py
[2026-08-15T17:54:51.952+0000] {processor.py:839} INFO - DAG(s) dict_keys(['ecommerce_analytics_engine']) retrieved from /opt/airflow/dags/dag-pipeline.py
[2026-08-15T17:54:51.968+0000] {logging_mixin.py:154} INFO - [2026-08-15T17:54:51.967+0000] {dag.py:2941} INFO - Sync 1 DAGs
[2026-08-15T17:54:51.979+0000] {logging_mixin.py:154} INFO - [2026-08-15T17:54:51.979+0000] {dag.py:3722} INFO - Setting next_dagrun for ecommerce_analytics_engine to 2026-08-15T17:00:00+00:00, run_after=2026-08-15T18:00:00+00:00
[2026-08-15T17:54:51.985+0000] {processor.py:179} INFO - Processing /opt/airflow/dags/dag-pipeline.py took 0.050 seconds
[2026-08-15T17:55:22.146+0000] {processor.py:157} INFO - Started process (PID=1067) to work on /opt/airflow/dags/dag-pipeline.py
[2026-08-15T17:55:22.147+0000] {processor.py:829} INFO - Processing file /opt/airflow/dags/dag-pipeline.py for tasks to queue
[2026-08-15T17:55:22.148+0000] {logging_mixin.py:154} INFO - [2026-08-15T17:55:22.147+0000] {dagbag.py:536} INFO - Filling up the DagBag from /opt/airflow/dags/dag-pipeline.py
[2026-08-15T17:55:22.160+0000] {processor.py:839} INFO - DAG(s) dict_keys(['ecommerce_analytics_engine']) retrieved from /opt/airflow/dags/dag-pipeline.py
[2026-08-15T17:55:22.175+0000] {logging_mixin.py:154} INFO - [2026-08-15T17:55:22.175+0000] {dag.py:2941} INFO - Sync 1 DAGs
[2026-08-15T17:55:22.185+0000] {logging_mixin.py:154} INFO - [2026-08-15T17:55:22.185+0000] {dag.py:3722} INFO - Setting next_dagrun for ecommerce_analytics_engine to 2026-08-15T17:00:00+00:00, run_after=2026-08-15T18:00:00+00:00
[2026-08-15T17:55:22.191+0000] {processor.py:179} INFO - Processing /opt/airflow/dags/dag-pipeline.py took 0.047 seconds
[2026-08-15T17:55:52.405+0000] {processor.py:157} INFO - Started process (PID=1072) to work on /opt/airflow/dags/dag-pipeline.py
[2026-08-15T17:55:52.406+0000] {processor.py:829} INFO - Processing file /opt/airflow/dags/dag-pipeline.py for tasks to queue
[2026-08-15T17:55:52.407+0000] {logging_mixin.py:154} INFO - [2026-08-15T17:55:52.406+0000] {dagbag.py:536} INFO - Filling up the DagBag from /opt/airflow/dags/dag-pipeline.py
[2026-08-15T17:55:52.418+0000] {processor.py:839} INFO - DAG(s) dict_keys(['ecommerce_analytics_engine']) retrieved from /opt/airflow/dags/dag-pipeline.py
[2026-08-15T17:55:52.433+0000] {logging_mixin.py:154} INFO - [2026-08-15T17:55:52.433+0000] {dag.py:2941} INFO - Sync 1 DAGs
[2026-08-15T17:55:52.444+0000] {logging_mixin.py:154} INFO - [2026-08-15T17:55:52.444+0000] {dag.py:3722} INFO - Setting next_dagrun for ecommerce_analytics_engine to 2026-08-15T17:00:00+00:00, run_after=2026-08-15T18:00:00+00:00
[2026-08-15T17:55:52.451+0000] {processor.py:179} INFO - Processing /opt/airflow/dags/dag-pipeline.py took 0.048 seconds
[2026-08-15T17:56:22.653+0000] {processor.py:157} INFO - Started process (PID=1077) to work on /opt/airflow/dags/dag-pipeline.py
[2026-08-15T17:56:22.654+0000] {processor.py:829} INFO - Processing file /opt/airflow/dags/dag-pipeline.py for tasks to queue
[2026-08-15T17:56:22.655+0000] {logging_mixin.py:154} INFO - [2026-08-15T17:56:22.654+0000] {dagbag.py:536} INFO - Filling up the DagBag from /opt/airflow/dags/dag-pipeline.py
[2026-08-15T17:56:22.665+0000] {processor.py:839} INFO - DAG(s) dict_keys(['ecommerce_analytics_engine']) retrieved from /opt/airflow/dags/dag-pipeline.py
[2026-08-15T17:56:22.681+0000] {logging_mixin.py:154} INFO - [2026-08-15T17:56:22.681+0000] {dag.py:2941} INFO - Sync 1 DAGs
[2026-08-15T17:56:22.692+0000] {logging_mixin.py:154} INFO - [2026-08-15T17:56:22.692+0000] {dag.py:3722} INFO - Setting next_dagrun for ecommerce_analytics_engine to 2026-08-15T17:00:00+00:00, run_after=2026-08-15T18:00:00+00:00
[2026-08-15T17:56:22.699+0000] {processor.py:179} INFO - Processing /opt/airflow/dags/dag-pipeline.py took 0.047 seconds
[2026-08-15T17:56:52.930+0000] {processor.py:157} INFO - Started process (PID=1082) to work on /opt/airflow/dags/dag-pipeline.py
[2026-08-15T17:56:52.931+0000] {processor.py:829} INFO - Processing file /opt/airflow/dags/dag-pipeline.py for tasks to queue
[2026-08-15T17:56:52.931+0000] {logging_mixin.py:154} INFO - [2026-08-15T17:56:52.931+0000] {dagbag.py:536} INFO - Filling up the DagBag from /opt/airflow/dags/dag-pipeline.py
[2026-08-15T17:56:52.942+0000] {processor.py:839} INFO - DAG(s) dict_keys(['ecommerce_analytics_engine']) retrieved from /opt/airflow/dags/dag-pipeline.py
[2026-08-15T17:56:52.958+0000] {logging_mixin.py:154} INFO - [2026-08-15T17:56:52.958+0000] {dag.py:2941} INFO - Sync 1 DAGs
[2026-08-15T17:56:52.968+0000] {logging_mixin.py:154} INFO - [2026-08-15T17:56:52.968+0000] {dag.py:3722} INFO - Setting next_dagrun for ecommerce_analytics_engine to 2026-08-15T17:00:00+00:00, run_after=2026-08-15T18:00:00+00:00
[2026-08-15T17:56:52.974+0000] {processor.py:179} INFO - Processing /opt/airflow/dags/dag-pipeline.py took 0.046 seconds
[2026-08-15T17:57:23.198+0000] {processor.py:157} INFO - Started process (PID=1087) to work on /opt/airflow/dags/dag-pipeline.py
[2026-08-15T17:57:23.198+0000] {processor.py:829} INFO - Processing file /opt/airflow/dags/dag-pipeline.py for tasks to queue
[2026-08-15T17:57:23.199+0000] {logging_mixin.py:154} INFO - [2026-08-15T17:57:23.199+0000] {dagbag.py:536} INFO - Filling up the DagBag from /opt/airflow/dags/dag-pipeline.py
[2026-08-15T17:57:23.211+0000] {processor.py:839} INFO - DAG(s) dict_keys(['ecommerce_analytics_engine']) retrieved from /opt/airflow/dags/dag-pipeline.py
[2026-08-15T17:57:23.227+0000] {logging_mixin.py:154} INFO - [2026-08-15T17:57:23.227+0000] {dag.py:2941} INFO - Sync 1 DAGs
[2026-08-15T17:57:23.237+0000] {logging_mixin.py:154} INFO - [2026-08-15T17:57:23.237+0000] {dag.py:3722} INFO - Setting next_dagrun for ecommerce_analytics_engine to 2026-08-15T17:00:00+00:00, run_after=2026-08-15T18:00:00+00:00
[2026-08-15T17:57:23.244+0000] {processor.py:179} INFO - Processing /opt/airflow/dags/dag-pipeline.py took 0.049 seconds
[2026-08-15T17:57:53.470+0000] {processor.py:157} INFO - Started process (PID=1092) to work on /opt/airflow/dags/dag-pipeline.py
[2026-08-15T17:57:53.471+0000] {processor.py:829} INFO - Processing file /opt/airflow/dags/dag-pipeline.py for tasks to queue
[2026-08-15T17:57:53.472+0000] {logging_mixin.py:154} INFO - [2026-08-15T17:57:53.471+0000] {dagbag.py:536} INFO - Filling up the DagBag from /opt/airflow/dags/dag-pipeline.py
[2026-08-15T17:57:53.485+0000] {processor.py:839} INFO - DAG(s) dict_keys(['ecommerce_analytics_engine']) retrieved from /opt/airflow/dags/dag-pipeline.py
[2026-08-15T17:57:53.501+0000] {logging_mixin.py:154} INFO - [2026-08-15T17:57:53.501+0000] {dag.py:2941} INFO - Sync 1 DAGs
[2026-08-15T17:57:53.512+0000] {logging_mixin.py:154} INFO - [2026-08-15T17:57:53.512+0000] {dag.py:3722} INFO - Setting next_dagrun for ecommerce_analytics_engine to 2026-08-15T17:00:00+00:00, run_after=2026-08-15T18:00:00+00:00
[2026-08-15T17:57:53.521+0000] {processor.py:179} INFO - Processing /opt/airflow/dags/dag-pipeline.py took 0.052 seconds
[2026-08-15T17:58:23.741+0000] {processor.py:157} INFO - Started process (PID=1097) to work on /opt/airflow/dags/dag-pipeline.py
[2026-08-15T17:58:23.741+0000] {processor.py:829} INFO - Processing file /opt/airflow/dags/dag-pipeline.py for tasks to queue
[2026-08-15T17:58:23.742+0000] {logging_mixin.py:154} INFO - [2026-08-15T17:58:23.742+0000] {dagbag.py:536} INFO - Filling up the DagBag from /opt/airflow/dags/dag-pipeline.py
[2026-08-15T17:58:23.753+0000] {processor.py:839} INFO - DAG(s) dict_keys(['ecommerce_analytics_engine']) retrieved from /opt/airflow/dags/dag-pipeline.py
[2026-08-15T17:58:23.769+0000] {logging_mixin.py:154} INFO - [2026-08-15T17:58:23.769+0000] {dag.py:2941} INFO - Sync 1 DAGs
[2026-08-15T17:58:23.780+0000] {logging_mixin.py:154} INFO - [2026-08-15T17:58:23.779+0000] {dag.py:3722} INFO - Setting next_dagrun for ecommerce_analytics_engine to 2026-08-15T17:00:00+00:00, run_after=2026-08-15T18:00:00+00:00
[2026-08-15T17:58:23.786+0000] {processor.py:179} INFO - Processing /opt/airflow/dags/dag-pipeline.py took 0.047 seconds
[2026-08-15T17:58:54.005+0000] {processor.py:157} INFO - Started process (PID=1102) to work on /opt/airflow/dags/dag-pipeline.py
[2026-08-15T17:58:54.006+0000] {processor.py:829} INFO - Processing file /opt/airflow/dags/dag-pipeline.py for tasks to queue
[2026-08-15T17:58:54.006+0000] {logging_mixin.py:154} INFO - [2026-08-15T17:58:54.006+0000] {dagbag.py:536} INFO - Filling up the DagBag from /opt/airflow/dags/dag-pipeline.py
[2026-08-15T17:58:54.018+0000] {processor.py:839} INFO - DAG(s) dict_keys(['ecommerce_analytics_engine']) retrieved from /opt/airflow/dags/dag-pipeline.py
[2026-08-15T17:58:54.033+0000] {logging_mixin.py:154} INFO - [2026-08-15T17:58:54.033+0000] {dag.py:2941} INFO - Sync 1 DAGs
[2026-08-15T17:58:54.044+0000] {logging_mixin.py:154} INFO - [2026-08-15T17:58:54.044+0000] {dag.py:3722} INFO - Setting next_dagrun for ecommerce_analytics_engine to 2026-08-15T17:00:00+00:00, run_after=2026-08-15T18:00:00+00:00
[2026-08-15T17:58:54.051+0000] {processor.py:179} INFO - Processing /opt/airflow/dags/dag-pipeline.py took 0.048 seconds
[2026-08-15T17:59:24.289+0000] {processor.py:157} INFO - Started process (PID=1107) to work on /opt/airflow/dags/dag-pipeline.py
[2026-08-15T17:59:24.290+0000] {processor.py:829} INFO - Processing file /opt/airflow/dags/dag-pipeline.py for tasks to queue
[2026-08-15T17:59:24.290+0000] {logging_mixin.py:154} INFO - [2026-08-15T17:59:24.290+0000] {dagbag.py:536} INFO - Filling up the DagBag from /opt/airflow/dags/dag-pipeline.py
[2026-08-15T17:59:24.300+0000] {processor.py:839} INFO - DAG(s) dict_keys(['ecommerce_analytics_engine']) retrieved from /opt/airflow/dags/dag-pipeline.py
[2026-08-15T17:59:24.314+0000] {logging_mixin.py:154} INFO - [2026-08-15T17:59:24.314+0000] {dag.py:2941} INFO - Sync 1 DAGs
[2026-08-15T17:59:24.324+0000] {logging_mixin.py:154} INFO - [2026-08-15T17:59:24.324+0000] {dag.py:3722} INFO - Setting next_dagrun for ecommerce_analytics_engine to 2026-08-15T17:00:00+00:00, run_after=2026-08-15T18:00:00+00:00
[2026-08-15T17:59:24.330+0000] {processor.py:179} INFO - Processing /opt/airflow/dags/dag-pipeline.py took 0.043 seconds
[2026-08-15T17:59:54.581+0000] {processor.py:157} INFO - Started process (PID=1112) to work on /opt/airflow/dags/dag-pipeline.py
[2026-08-15T17:59:54.581+0000] {processor.py:829} INFO - Processing file /opt/airflow/dags/dag-pipeline.py for tasks to queue
[2026-08-15T17:59:54.582+0000] {logging_mixin.py:154} INFO - [2026-08-15T17:59:54.582+0000] {dagbag.py:536} INFO - Filling up the DagBag from /opt/airflow/dags/dag-pipeline.py
[2026-08-15T17:59:54.593+0000] {processor.py:839} INFO - DAG(s) dict_keys(['ecommerce_analytics_engine']) retrieved from /opt/airflow/dags/dag-pipeline.py
[2026-08-15T17:59:54.609+0000] {logging_mixin.py:154} INFO - [2026-08-15T17:59:54.609+0000] {dag.py:2941} INFO - Sync 1 DAGs
[2026-08-15T17:59:54.619+0000] {logging_mixin.py:154} INFO - [2026-08-15T17:59:54.619+0000] {dag.py:3722} INFO - Setting next_dagrun for ecommerce_analytics_engine to 2026-08-15T17:00:00+00:00, run_after=2026-08-15T18:00:00+00:00
[2026-08-15T17:59:54.625+0000] {processor.py:179} INFO - Processing /opt/airflow/dags/dag-pipeline.py took 0.046 seconds
[2026-08-15T18:00:24.793+0000] {processor.py:157} INFO - Started process (PID=1194) to work on /opt/airflow/dags/dag-pipeline.py
[2026-08-15T18:00:24.794+0000] {processor.py:829} INFO - Processing file /opt/airflow/dags/dag-pipeline.py for tasks to queue
[2026-08-15T18:00:24.795+0000] {logging_mixin.py:154} INFO - [2026-08-15T18:00:24.795+0000] {dagbag.py:536} INFO - Filling up the DagBag from /opt/airflow/dags/dag-pipeline.py
[2026-08-15T18:00:24.808+0000] {processor.py:839} INFO - DAG(s) dict_keys(['ecommerce_analytics_engine']) retrieved from /opt/airflow/dags/dag-pipeline.py
[2026-08-15T18:00:24.824+0000] {logging_mixin.py:154} INFO - [2026-08-15T18:00:24.824+0000] {dag.py:2941} INFO - Sync 1 DAGs
[2026-08-15T18:00:24.834+0000] {logging_mixin.py:154} INFO - [2026-08-15T18:00:24.834+0000] {dag.py:3722} INFO - Setting next_dagrun for ecommerce_analytics_engine to 2026-08-15T18:00:00+00:00, run_after=2026-08-15T19:00:00+00:00
[2026-08-15T18:00:24.841+0000] {processor.py:179} INFO - Processing /opt/airflow/dags/dag-pipeline.py took 0.050 seconds
[2026-08-15T18:00:55.013+0000] {processor.py:157} INFO - Started process (PID=1199) to work on /opt/airflow/dags/dag-pipeline.py
[2026-08-15T18:00:55.014+0000] {processor.py:829} INFO - Processing file /opt/airflow/dags/dag-pipeline.py for tasks to queue
[2026-08-15T18:00:55.014+0000] {logging_mixin.py:154} INFO - [2026-08-15T18:00:55.014+0000] {dagbag.py:536} INFO - Filling up the DagBag from /opt/airflow/dags/dag-pipeline.py
[2026-08-15T18:00:55.021+0000] {processor.py:839} INFO - DAG(s) dict_keys(['ecommerce_analytics_engine']) retrieved from /opt/airflow/dags/dag-pipeline.py
[2026-08-15T18:00:55.032+0000] {logging_mixin.py:154} INFO - [2026-08-15T18:00:55.032+0000] {dag.py:2941} INFO - Sync 1 DAGs
[2026-08-15T18:00:55.041+0000] {logging_mixin.py:154} INFO - [2026-08-15T18:00:55.041+0000] {dag.py:3722} INFO - Setting next_dagrun for ecommerce_analytics_engine to 2026-08-15T18:00:00+00:00, run_after=2026-08-15T19:00:00+00:00
[2026-08-15T18:00:55.047+0000] {processor.py:179} INFO - Processing /opt/airflow/dags/dag-pipeline.py took 0.035 seconds
[2026-08-15T18:01:25.291+0000] {processor.py:157} INFO - Started process (PID=1204) to work on /opt/airflow/dags/dag-pipeline.py
[2026-08-15T18:01:25.292+0000] {processor.py:829} INFO - Processing file /opt/airflow/dags/dag-pipeline.py for tasks to queue
[2026-08-15T18:01:25.292+0000] {logging_mixin.py:154} INFO - [2026-08-15T18:01:25.292+0000] {dagbag.py:536} INFO - Filling up the DagBag from /opt/airflow/dags/dag-pipeline.py
[2026-08-15T18:01:25.304+0000] {processor.py:839} INFO - DAG(s) dict_keys(['ecommerce_analytics_engine']) retrieved from /opt/airflow/dags/dag-pipeline.py
[2026-08-15T18:01:25.319+0000] {logging_mixin.py:154} INFO - [2026-08-15T18:01:25.319+0000] {dag.py:2941} INFO - Sync 1 DAGs
[2026-08-15T18:01:25.328+0000] {logging_mixin.py:154} INFO - [2026-08-15T18:01:25.328+0000] {dag.py:3722} INFO - Setting next_dagrun for ecommerce_analytics_engine to 2026-08-15T18:00:00+00:00, run_after=2026-08-15T19:00:00+00:00
[2026-08-15T18:01:25.333+0000] {processor.py:179} INFO - Processing /opt/airflow/dags/dag-pipeline.py took 0.044 seconds
[2026-08-15T18:01:55.527+0000] {processor.py:157} INFO - Started process (PID=1209) to work on /opt/airflow/dags/dag-pipeline.py
[2026-08-15T18:01:55.527+0000] {processor.py:829} INFO - Processing file /opt/airflow/dags/dag-pipeline.py for tasks to queue
[2026-08-15T18:01:55.528+0000] {logging_mixin.py:154} INFO - [2026-08-15T18:01:55.527+0000] {dagbag.py:536} INFO - Filling up the DagBag from /opt/airflow/dags/dag-pipeline.py
[2026-08-15T18:01:55.539+0000] {processor.py:839} INFO - DAG(s) dict_keys(['ecommerce_analytics_engine']) retrieved from /opt/airflow/dags/dag-pipeline.py
[2026-08-15T18:01:55.555+0000] {logging_mixin.py:154} INFO - [2026-08-15T18:01:55.555+0000] {dag.py:2941} INFO - Sync 1 DAGs
[2026-08-15T18:01:55.565+0000] {logging_mixin.py:154} INFO - [2026-08-15T18:01:55.565+0000] {dag.py:3722} INFO - Setting next_dagrun for ecommerce_analytics_engine to 2026-08-15T18:00:00+00:00, run_after=2026-08-15T19:00:00+00:00
[2026-08-15T18:01:55.571+0000] {processor.py:179} INFO - Processing /opt/airflow/dags/dag-pipeline.py took 0.047 seconds
[2026-08-15T18:02:25.760+0000] {processor.py:157} INFO - Started process (PID=1214) to work on /opt/airflow/dags/dag-pipeline.py
[2026-08-15T18:02:25.761+0000] {processor.py:829} INFO - Processing file /opt/airflow/dags/dag-pipeline.py for tasks to queue
[2026-08-15T18:02:25.761+0000] {logging_mixin.py:154} INFO - [2026-08-15T18:02:25.761+0000] {dagbag.py:536} INFO - Filling up the DagBag from /opt/airflow/dags/dag-pipeline.py
[2026-08-15T18:02:25.773+0000] {processor.py:839} INFO - DAG(s) dict_keys(['ecommerce_analytics_engine']) retrieved from /opt/airflow/dags/dag-pipeline.py
[2026-08-15T18:02:25.787+0000] {logging_mixin.py:154} INFO - [2026-08-15T18:02:25.787+0000] {dag.py:2941} INFO - Sync 1 DAGs
[2026-08-15T18:02:25.796+0000] {logging_mixin.py:154} INFO - [2026-08-15T18:02:25.796+0000] {dag.py:3722} INFO - Setting next_dagrun for ecommerce_analytics_engine to 2026-08-15T18:00:00+00:00, run_after=2026-08-15T19:00:00+00:00
[2026-08-15T18:02:25.802+0000] {processor.py:179} INFO - Processing /opt/airflow/dags/dag-pipeline.py took 0.043 seconds
[2026-08-15T18:02:56.003+0000] {processor.py:157} INFO - Started process (PID=1219) to work on /opt/airflow/dags/dag-pipeline.py
[2026-08-15T18:02:56.003+0000] {processor.py:829} INFO - Processing file /opt/airflow/dags/dag-pipeline.py for tasks to queue
[2026-08-15T18:02:56.004+0000] {logging_mixin.py:154} INFO - [2026-08-15T18:02:56.003+0000] {dagbag.py:536} INFO - Filling up the DagBag from /opt/airflow/dags/dag-pipeline.py
[2026-08-15T18:02:56.015+0000] {processor.py:839} INFO - DAG(s) dict_keys(['ecommerce_analytics_engine']) retrieved from /opt/airflow/dags/dag-pipeline.py
[2026-08-15T18:02:56.030+0000] {logging_mixin.py:154} INFO - [2026-08-15T18:02:56.030+0000] {dag.py:2941} INFO - Sync 1 DAGs
[2026-08-15T18:02:56.041+0000] {logging_mixin.py:154} INFO - [2026-08-15T18:02:56.040+0000] {dag.py:3722} INFO - Setting next_dagrun for ecommerce_analytics_engine to 2026-08-15T18:00:00+00:00, run_after=2026-08-15T19:00:00+00:00
[2026-08-15T18:02:56.047+0000] {processor.py:179} INFO - Processing /opt/airflow/dags/dag-pipeline.py took 0.047 seconds
[2026-08-15T18:03:26.223+0000] {processor.py:157} INFO - Started process (PID=1224) to work on /opt/airflow/dags/dag-pipeline.py
[2026-08-15T18:03:26.224+0000] {processor.py:829} INFO - Processing file /opt/airflow/dags/dag-pipeline.py for tasks to queue
[2026-08-15T18:03:26.225+0000] {logging_mixin.py:154} INFO - [2026-08-15T18:03:26.224+0000] {dagbag.py:536} INFO - Filling up the DagBag from /opt/airflow/dags/dag-pipeline.py
[2026-08-15T18:03:26.237+0000] {processor.py:839} INFO - DAG(s) dict_keys(['ecommerce_analytics_engine']) retrieved from /opt/airflow/dags/dag-pipeline.py
[2026-08-15T18:03:26.251+0000] {logging_mixin.py:154} INFO - [2026-08-15T18:03:26.251+0000] {dag.py:2941} INFO - Sync 1 DAGs
[2026-08-15T18:03:26.261+0000] {logging_mixin.py:154} INFO - [2026-08-15T18:03:26.261+0000] {dag.py:3722} INFO - Setting next_dagrun for ecommerce_analytics_engine to 2026-08-15T18:00:00+00:00, run_after=2026-08-15T19:00:00+00:00
[2026-08-15T18:03:26.267+0000] {processor.py:179} INFO - Processing /opt/airflow/dags/dag-pipeline.py took 0.046 seconds
[2026-08-15T18:03:56.464+0000] {processor.py:157} INFO - Started process (PID=1229) to work on /opt/airflow/dags/dag-pipeline.py
[2026-08-15T18:03:56.464+0000] {processor.py:829} INFO - Processing file /opt/airflow/dags/dag-pipeline.py for tasks to queue
[2026-08-15T18:03:56.465+0000] {logging_mixin.py:154} INFO - [2026-08-15T18:03:56.465+0000] {dagbag.py:536} INFO - Filling up the DagBag from /opt/airflow/dags/dag-pipeline.py
[2026-08-15T18:03:56.476+0000] {processor.py:839} INFO - DAG(s) dict_keys(['ecommerce_analytics_engine']) retrieved from /opt/airflow/dags/dag-pipeline.py
[2026-08-15T18:03:56.491+0000] {logging_mixin.py:154} INFO - [2026-08-15T18:03:56.491+0000] {dag.py:2941} INFO - Sync 1 DAGs
[2026-08-15T18:03:56.501+0000] {logging_mixin.py:154} INFO - [2026-08-15T18:03:56.501+0000] {dag.py:3722} INFO - Setting next_dagrun for ecommerce_analytics_engine to 2026-08-15T18:00:00+00:00, run_after=2026-08-15T19:00:00+00:00
[2026-08-15T18:03:56.507+0000] {processor.py:179} INFO - Processing /opt/airflow/dags/dag-pipeline.py took 0.045 seconds
[2026-08-15T18:04:26.705+0000] {processor.py:157} INFO - Started process (PID=1234) to work on /opt/airflow/dags/dag-pipeline.py
[2026-08-15T18:04:26.706+0000] {processor.py:829} INFO - Processing file /opt/airflow/dags/dag-pipeline.py for tasks to queue
[2026-08-15T18:04:26.706+0000] {logging_mixin.py:154} INFO - [2026-08-15T18:04:26.706+0000] {dagbag.py:536} INFO - Filling up the DagBag from /opt/airflow/dags/dag-pipeline.py
[2026-08-15T18:04:26.717+0000] {processor.py:839} INFO - DAG(s) dict_keys(['ecommerce_analytics_engine']) retrieved from /opt/airflow/dags/dag-pipeline.py
[2026-08-15T18:04:26.732+0000] {logging_mixin.py:154} INFO - [2026-08-15T18:04:26.731+0000] {dag.py:2941} INFO - Sync 1 DAGs
[2026-08-15T18:04:26.742+0000] {logging_mixin.py:154} INFO - [2026-08-15T18:04:26.742+0000] {dag.py:3722} INFO - Setting next_dagrun for ecommerce_analytics_engine to 2026-08-15T18:00:00+00:00, run_after=2026-08-15T19:00:00+00:00
[2026-08-15T18:04:26.748+0000] {processor.py:179} INFO - Processing /opt/airflow/dags/dag-pipeline.py took 0.046 seconds
[2026-08-15T18:04:56.983+0000] {processor.py:157} INFO - Started process (PID=1239) to work on /opt/airflow/dags/dag-pipeline.py
[2026-08-15T18:04:56.984+0000] {processor.py:829} INFO - Processing file /opt/airflow/dags/dag-pipeline.py for tasks to queue
[2026-08-15T18:04:56.984+0000] {logging_mixin.py:154} INFO - [2026-08-15T18:04:56.984+0000] {dagbag.py:536} INFO - Filling up the DagBag from /opt/airflow/dags/dag-pipeline.py
[2026-08-15T18:04:56.995+0000] {processor.py:839} INFO - DAG(s) dict_keys(['ecommerce_analytics_engine']) retrieved from /opt/airflow/dags/dag-pipeline.py
[2026-08-15T18:04:57.008+0000] {logging_mixin.py:154} INFO - [2026-08-15T18:04:57.008+0000] {dag.py:2941} INFO - Sync 1 DAGs
[2026-08-15T18:04:57.018+0000] {logging_mixin.py:154} INFO - [2026-08-15T18:04:57.018+0000] {dag.py:3722} INFO - Setting next_dagrun for ecommerce_analytics_engine to 2026-08-15T18:00:00+00:00, run_after=2026-08-15T19:00:00+00:00
[2026-08-15T18:04:57.024+0000] {processor.py:179} INFO - Processing /opt/airflow/dags/dag-pipeline.py took 0.044 seconds
[2026-08-15T18:05:27.212+0000] {processor.py:157} INFO - Started process (PID=1244) to work on /opt/airflow/dags/dag-pipeline.py
[2026-08-15T18:05:27.212+0000] {processor.py:829} INFO - Processing file /opt/airflow/dags/dag-pipeline.py for tasks to queue
[2026-08-15T18:05:27.213+0000] {logging_mixin.py:154} INFO - [2026-08-15T18:05:27.213+0000] {dagbag.py:536} INFO - Filling up the DagBag from /opt/airflow/dags/dag-pipeline.py
[2026-08-15T18:05:27.223+0000] {processor.py:839} INFO - DAG(s) dict_keys(['ecommerce_analytics_engine']) retrieved from /opt/airflow/dags/dag-pipeline.py
[2026-08-15T18:05:27.238+0000] {logging_mixin.py:154} INFO - [2026-08-15T18:05:27.238+0000] {dag.py:2941} INFO - Sync 1 DAGs
[2026-08-15T18:05:27.248+0000] {logging_mixin.py:154} INFO - [2026-08-15T18:05:27.248+0000] {dag.py:3722} INFO - Setting next_dagrun for ecommerce_analytics_engine to 2026-08-15T18:00:00+00:00, run_after=2026-08-15T19:00:00+00:00
[2026-08-15T18:05:27.254+0000] {processor.py:179} INFO - Processing /opt/airflow/dags/dag-pipeline.py took 0.045 seconds
[2026-08-15T18:05:57.468+0000] {processor.py:157} INFO - Started process (PID=1249) to work on /opt/airflow/dags/dag-pipeline.py
[2026-08-15T18:05:57.468+0000] {processor.py:829} INFO - Processing file /opt/airflow/dags/dag-pipeline.py for tasks to queue
[2026-08-15T18:05:57.469+0000] {logging_mixin.py:154} INFO - [2026-08-15T18:05:57.469+0000] {dagbag.py:536} INFO - Filling up the DagBag from /opt/airflow/dags/dag-pipeline.py
[2026-08-15T18:05:57.480+0000] {processor.py:839} INFO - DAG(s) dict_keys(['ecommerce_analytics_engine']) retrieved from /opt/airflow/dags/dag-pipeline.py
[2026-08-15T18:05:57.496+0000] {logging_mixin.py:154} INFO - [2026-08-15T18:05:57.496+0000] {dag.py:2941} INFO - Sync 1 DAGs
[2026-08-15T18:05:57.507+0000] {logging_mixin.py:154} INFO - [2026-08-15T18:05:57.507+0000] {dag.py:3722} INFO - Setting next_dagrun for ecommerce_analytics_engine to 2026-08-15T18:00:00+00:00, run_after=2026-08-15T19:00:00+00:00
[2026-08-15T18:05:57.513+0000] {processor.py:179} INFO - Processing /opt/airflow/dags/dag-pipeline.py took 0.047 seconds
[2026-08-15T18:06:27.726+0000] {processor.py:157} INFO - Started process (PID=1254) to work on /opt/airflow/dags/dag-pipeline.py
[2026-08-15T18:06:27.726+0000] {processor.py:829} INFO - Processing file /opt/airflow/dags/dag-pipeline.py for tasks to queue
[2026-08-15T18:06:27.727+0000] {logging_mixin.py:154} INFO - [2026-08-15T18:06:27.727+0000] {dagbag.py:536} INFO - Filling up the DagBag from /opt/airflow/dags/dag-pipeline.py
[2026-08-15T18:06:27.738+0000] {processor.py:839} INFO - DAG(s) dict_keys(['ecommerce_analytics_engine']) retrieved from /opt/airflow/dags/dag-pipeline.py
[2026-08-15T18:06:27.754+0000] {logging_mixin.py:154} INFO - [2026-08-15T18:06:27.754+0000] {dag.py:2941} INFO - Sync 1 DAGs
[2026-08-15T18:06:27.765+0000] {logging_mixin.py:154} INFO - [2026-08-15T18:06:27.765+0000] {dag.py:3722} INFO - Setting next_dagrun for ecommerce_analytics_engine to 2026-08-15T18:00:00+00:00, run_after=2026-08-15T19:00:00+00:00
[2026-08-15T18:06:27.771+0000] {processor.py:179} INFO - Processing /opt/airflow/dags/dag-pipeline.py took 0.047 seconds
[2026-08-15T18:06:58.007+0000] {processor.py:157} INFO - Started process (PID=1259) to work on /opt/airflow/dags/dag-pipeline.py
[2026-08-15T18:06:58.008+0000] {processor.py:829} INFO - Processing file /opt/airflow/dags/dag-pipeline.py for tasks to queue
[2026-08-15T18:06:58.008+0000] {logging_mixin.py:154} INFO - [2026-08-15T18:06:58.008+0000] {dagbag.py:536} INFO - Filling up the DagBag from /opt/airflow/dags/dag-pipeline.py
[2026-08-15T18:06:58.021+0000] {processor.py:839} INFO - DAG(s) dict_keys(['ecommerce_analytics_engine']) retrieved from /opt/airflow/dags/dag-pipeline.py
[2026-08-15T18:06:58.038+0000] {logging_mixin.py:154} INFO - [2026-08-15T18:06:58.038+0000] {dag.py:2941} INFO - Sync 1 DAGs
[2026-08-15T18:06:58.049+0000] {logging_mixin.py:154} INFO - [2026-08-15T18:06:58.049+0000] {dag.py:3722} INFO - Setting next_dagrun for ecommerce_analytics_engine to 2026-08-15T18:00:00+00:00, run_after=2026-08-15T19:00:00+00:00
[2026-08-15T18:06:58.054+0000] {processor.py:179} INFO - Processing /opt/airflow/dags/dag-pipeline.py took 0.050 seconds
[2026-08-15T18:07:28.267+0000] {processor.py:157} INFO - Started process (PID=1264) to work on /opt/airflow/dags/dag-pipeline.py
[2026-08-15T18:07:28.267+0000] {processor.py:829} INFO - Processing file /opt/airflow/dags/dag-pipeline.py for tasks to queue
[2026-08-15T18:07:28.268+0000] {logging_mixin.py:154} INFO - [2026-08-15T18:07:28.268+0000] {dagbag.py:536} INFO - Filling up the DagBag from /opt/airflow/dags/dag-pipeline.py
[2026-08-15T18:07:28.279+0000] {processor.py:839} INFO - DAG(s) dict_keys(['ecommerce_analytics_engine']) retrieved from /opt/airflow/dags/dag-pipeline.py
[2026-08-15T18:07:28.294+0000] {logging_mixin.py:154} INFO - [2026-08-15T18:07:28.294+0000] {dag.py:2941} INFO - Sync 1 DAGs
[2026-08-15T18:07:28.305+0000] {logging_mixin.py:154} INFO - [2026-08-15T18:07:28.305+0000] {dag.py:3722} INFO - Setting next_dagrun for ecommerce_analytics_engine to 2026-08-15T18:00:00+00:00, run_after=2026-08-15T19:00:00+00:00
[2026-08-15T18:07:28.311+0000] {processor.py:179} INFO - Processing /opt/airflow/dags/dag-pipeline.py took 0.046 seconds
[2026-08-15T18:07:58.551+0000] {processor.py:157} INFO - Started process (PID=1269) to work on /opt/airflow/dags/dag-pipeline.py
[2026-08-15T18:07:58.551+0000] {processor.py:829} INFO - Processing file /opt/airflow/dags/dag-pipeline.py for tasks to queue
[2026-08-15T18:07:58.552+0000] {logging_mixin.py:154} INFO - [2026-08-15T18:07:58.551+0000] {dagbag.py:536} INFO - Filling up the DagBag from /opt/airflow/dags/dag-pipeline.py
[2026-08-15T18:07:58.562+0000] {processor.py:839} INFO - DAG(s) dict_keys(['ecommerce_analytics_engine']) retrieved from /opt/airflow/dags/dag-pipeline.py
[2026-08-15T18:07:58.579+0000] {logging_mixin.py:154} INFO - [2026-08-15T18:07:58.578+0000] {dag.py:2941} INFO - Sync 1 DAGs
[2026-08-15T18:07:58.590+0000] {logging_mixin.py:154} INFO - [2026-08-15T18:07:58.590+0000] {dag.py:3722} INFO - Setting next_dagrun for ecommerce_analytics_engine to 2026-08-15T18:00:00+00:00, run_after=2026-08-15T19:00:00+00:00
[2026-08-15T18:07:58.597+0000] {processor.py:179} INFO - Processing /opt/airflow/dags/dag-pipeline.py took 0.048 seconds
[2026-08-15T18:08:28.804+0000] {processor.py:157} INFO - Started process (PID=1274) to work on /opt/airflow/dags/dag-pipeline.py
[2026-08-15T18:08:28.805+0000] {processor.py:829} INFO - Processing file /opt/airflow/dags/dag-pipeline.py for tasks to queue
[2026-08-15T18:08:28.805+0000] {logging_mixin.py:154} INFO - [2026-08-15T18:08:28.805+0000] {dagbag.py:536} INFO - Filling up the DagBag from /opt/airflow/dags/dag-pipeline.py
[2026-08-15T18:08:28.812+0000] {processor.py:839} INFO - DAG(s) dict_keys(['ecommerce_analytics_engine']) retrieved from /opt/airflow/dags/dag-pipeline.py
[2026-08-15T18:08:28.823+0000] {logging_mixin.py:154} INFO - [2026-08-15T18:08:28.823+0000] {dag.py:2941} INFO - Sync 1 DAGs
[2026-08-15T18:08:28.832+0000] {logging_mixin.py:154} INFO - [2026-08-15T18:08:28.832+0000] {dag.py:3722} INFO - Setting next_dagrun for ecommerce_analytics_engine to 2026-08-15T18:00:00+00:00, run_after=2026-08-15T19:00:00+00:00
[2026-08-15T18:08:28.838+0000] {processor.py:179} INFO - Processing /opt/airflow/dags/dag-pipeline.py took 0.039 seconds
[2026-08-15T18:08:59.072+0000] {processor.py:157} INFO - Started process (PID=1279) to work on /opt/airflow/dags/dag-pipeline.py
[2026-08-15T18:08:59.073+0000] {processor.py:829} INFO - Processing file /opt/airflow/dags/dag-pipeline.py for tasks to queue
[2026-08-15T18:08:59.073+0000] {logging_mixin.py:154} INFO - [2026-08-15T18:08:59.073+0000] {dagbag.py:536} INFO - Filling up the DagBag from /opt/airflow/dags/dag-pipeline.py
[2026-08-15T18:08:59.086+0000] {processor.py:839} INFO - DAG(s) dict_keys(['ecommerce_analytics_engine']) retrieved from /opt/airflow/dags/dag-pipeline.py
[2026-08-15T18:08:59.103+0000] {logging_mixin.py:154} INFO - [2026-08-15T18:08:59.103+0000] {dag.py:2941} INFO - Sync 1 DAGs
[2026-08-15T18:08:59.114+0000] {logging_mixin.py:154} INFO - [2026-08-15T18:08:59.114+0000] {dag.py:3722} INFO - Setting next_dagrun for ecommerce_analytics_engine to 2026-08-15T18:00:00+00:00, run_after=2026-08-15T19:00:00+00:00
[2026-08-15T18:08:59.120+0000] {processor.py:179} INFO - Processing /opt/airflow/dags/dag-pipeline.py took 0.050 seconds
[2026-08-15T18:09:29.355+0000] {processor.py:157} INFO - Started process (PID=1284) to work on /opt/airflow/dags/dag-pipeline.py
[2026-08-15T18:09:29.356+0000] {processor.py:829} INFO - Processing file /opt/airflow/dags/dag-pipeline.py for tasks to queue
[2026-08-15T18:09:29.356+0000] {logging_mixin.py:154} INFO - [2026-08-15T18:09:29.356+0000] {dagbag.py:536} INFO - Filling up the DagBag from /opt/airflow/dags/dag-pipeline.py
[2026-08-15T18:09:29.367+0000] {processor.py:839} INFO - DAG(s) dict_keys(['ecommerce_analytics_engine']) retrieved from /opt/airflow/dags/dag-pipeline.py
[2026-08-15T18:09:29.383+0000] {logging_mixin.py:154} INFO - [2026-08-15T18:09:29.383+0000] {dag.py:2941} INFO - Sync 1 DAGs
[2026-08-15T18:09:29.393+0000] {logging_mixin.py:154} INFO - [2026-08-15T18:09:29.393+0000] {dag.py:3722} INFO - Setting next_dagrun for ecommerce_analytics_engine to 2026-08-15T18:00:00+00:00, run_after=2026-08-15T19:00:00+00:00
[2026-08-15T18:09:29.400+0000] {processor.py:179} INFO - Processing /opt/airflow/dags/dag-pipeline.py took 0.047 seconds
[2026-08-15T18:09:59.600+0000] {processor.py:157} INFO - Started process (PID=1289) to work on /opt/airflow/dags/dag-pipeline.py
[2026-08-15T18:09:59.601+0000] {processor.py:829} INFO - Processing file /opt/airflow/dags/dag-pipeline.py for tasks to queue
[2026-08-15T18:09:59.601+0000] {logging_mixin.py:154} INFO - [2026-08-15T18:09:59.601+0000] {dagbag.py:536} INFO - Filling up the DagBag from /opt/airflow/dags/dag-pipeline.py
[2026-08-15T18:09:59.612+0000] {processor.py:839} INFO - DAG(s) dict_keys(['ecommerce_analytics_engine']) retrieved from /opt/airflow/dags/dag-pipeline.py
[2026-08-15T18:09:59.629+0000] {logging_mixin.py:154} INFO - [2026-08-15T18:09:59.629+0000] {dag.py:2941} INFO - Sync 1 DAGs
[2026-08-15T18:09:59.641+0000] {logging_mixin.py:154} INFO - [2026-08-15T18:09:59.641+0000] {dag.py:3722} INFO - Setting next_dagrun for ecommerce_analytics_engine to 2026-08-15T18:00:00+00:00, run_after=2026-08-15T19:00:00+00:00
[2026-08-15T18:09:59.648+0000] {processor.py:179} INFO - Processing /opt/airflow/dags/dag-pipeline.py took 0.050 seconds
[2026-08-15T18:10:29.837+0000] {processor.py:157} INFO - Started process (PID=1294) to work on /opt/airflow/dags/dag-pipeline.py
[2026-08-15T18:10:29.838+0000] {processor.py:829} INFO - Processing file /opt/airflow/dags/dag-pipeline.py for tasks to queue
[2026-08-15T18:10:29.839+0000] {logging_mixin.py:154} INFO - [2026-08-15T18:10:29.839+0000] {dagbag.py:536} INFO - Filling up the DagBag from /opt/airflow/dags/dag-pipeline.py
[2026-08-15T18:10:29.855+0000] {processor.py:839} INFO - DAG(s) dict_keys(['ecommerce_analytics_engine']) retrieved from /opt/airflow/dags/dag-pipeline.py
[2026-08-15T18:10:29.871+0000] {logging_mixin.py:154} INFO - [2026-08-15T18:10:29.870+0000] {dag.py:2941} INFO - Sync 1 DAGs
[2026-08-15T18:10:29.881+0000] {logging_mixin.py:154} INFO - [2026-08-15T18:10:29.881+0000] {dag.py:3722} INFO - Setting next_dagrun for ecommerce_analytics_engine to 2026-08-15T18:00:00+00:00, run_after=2026-08-15T19:00:00+00:00
[2026-08-15T18:10:29.887+0000] {processor.py:179} INFO - Processing /opt/airflow/dags/dag-pipeline.py took 0.052 seconds
[2026-08-15T18:11:00.083+0000] {processor.py:157} INFO - Started process (PID=1299) to work on /opt/airflow/dags/dag-pipeline.py
[2026-08-15T18:11:00.083+0000] {processor.py:829} INFO - Processing file /opt/airflow/dags/dag-pipeline.py for tasks to queue
[2026-08-15T18:11:00.084+0000] {logging_mixin.py:154} INFO - [2026-08-15T18:11:00.084+0000] {dagbag.py:536} INFO - Filling up the DagBag from /opt/airflow/dags/dag-pipeline.py
[2026-08-15T18:11:00.095+0000] {processor.py:839} INFO - DAG(s) dict_keys(['ecommerce_analytics_engine']) retrieved from /opt/airflow/dags/dag-pipeline.py
[2026-08-15T18:11:00.110+0000] {logging_mixin.py:154} INFO - [2026-08-15T18:11:00.110+0000] {dag.py:2941} INFO - Sync 1 DAGs
[2026-08-15T18:11:00.123+0000] {logging_mixin.py:154} INFO - [2026-08-15T18:11:00.122+0000] {dag.py:3722} INFO - Setting next_dagrun for ecommerce_analytics_engine to 2026-08-15T18:00:00+00:00, run_after=2026-08-15T19:00:00+00:00
[2026-08-15T18:11:00.129+0000] {processor.py:179} INFO - Processing /opt/airflow/dags/dag-pipeline.py took 0.048 seconds
[2026-08-15T18:11:30.356+0000] {processor.py:157} INFO - Started process (PID=1304) to work on /opt/airflow/dags/dag-pipeline.py
[2026-08-15T18:11:30.357+0000] {processor.py:829} INFO - Processing file /opt/airflow/dags/dag-pipeline.py for tasks to queue
[2026-08-15T18:11:30.358+0000] {logging_mixin.py:154} INFO - [2026-08-15T18:11:30.357+0000] {dagbag.py:536} INFO - Filling up the DagBag from /opt/airflow/dags/dag-pipeline.py
[2026-08-15T18:11:30.370+0000] {processor.py:839} INFO - DAG(s) dict_keys(['ecommerce_analytics_engine']) retrieved from /opt/airflow/dags/dag-pipeline.py
[2026-08-15T18:11:30.385+0000] {logging_mixin.py:154} INFO - [2026-08-15T18:11:30.385+0000] {dag.py:2941} INFO - Sync 1 DAGs
[2026-08-15T18:11:30.396+0000] {logging_mixin.py:154} INFO - [2026-08-15T18:11:30.396+0000] {dag.py:3722} INFO - Setting next_dagrun for ecommerce_analytics_engine to 2026-08-15T18:00:00+00:00, run_after=2026-08-15T19:00:00+00:00
[2026-08-15T18:11:30.402+0000] {processor.py:179} INFO - Processing /opt/airflow/dags/dag-pipeline.py took 0.047 seconds
[2026-08-15T18:12:00.621+0000] {processor.py:157} INFO - Started process (PID=1309) to work on /opt/airflow/dags/dag-pipeline.py
[2026-08-15T18:12:00.622+0000] {processor.py:829} INFO - Processing file /opt/airflow/dags/dag-pipeline.py for tasks to queue
[2026-08-15T18:12:00.623+0000] {logging_mixin.py:154} INFO - [2026-08-15T18:12:00.622+0000] {dagbag.py:536} INFO - Filling up the DagBag from /opt/airflow/dags/dag-pipeline.py
[2026-08-15T18:12:00.637+0000] {processor.py:839} INFO - DAG(s) dict_keys(['ecommerce_analytics_engine']) retrieved from /opt/airflow/dags/dag-pipeline.py
[2026-08-15T18:12:00.656+0000] {logging_mixin.py:154} INFO - [2026-08-15T18:12:00.656+0000] {dag.py:2941} INFO - Sync 1 DAGs
[2026-08-15T18:12:00.667+0000] {logging_mixin.py:154} INFO - [2026-08-15T18:12:00.667+0000] {dag.py:3722} INFO - Setting next_dagrun for ecommerce_analytics_engine to 2026-08-15T18:00:00+00:00, run_after=2026-08-15T19:00:00+00:00
[2026-08-15T18:12:00.673+0000] {processor.py:179} INFO - Processing /opt/airflow/dags/dag-pipeline.py took 0.056 seconds
[2026-08-15T18:12:30.887+0000] {processor.py:157} INFO - Started process (PID=1314) to work on /opt/airflow/dags/dag-pipeline.py
[2026-08-15T18:12:30.887+0000] {processor.py:829} INFO - Processing file /opt/airflow/dags/dag-pipeline.py for tasks to queue
[2026-08-15T18:12:30.888+0000] {logging_mixin.py:154} INFO - [2026-08-15T18:12:30.888+0000] {dagbag.py:536} INFO - Filling up the DagBag from /opt/airflow/dags/dag-pipeline.py
[2026-08-15T18:12:30.899+0000] {processor.py:839} INFO - DAG(s) dict_keys(['ecommerce_analytics_engine']) retrieved from /opt/airflow/dags/dag-pipeline.py
[2026-08-15T18:12:30.914+0000] {logging_mixin.py:154} INFO - [2026-08-15T18:12:30.914+0000] {dag.py:2941} INFO - Sync 1 DAGs
[2026-08-15T18:12:30.924+0000] {logging_mixin.py:154} INFO - [2026-08-15T18:12:30.924+0000] {dag.py:3722} INFO - Setting next_dagrun for ecommerce_analytics_engine to 2026-08-15T18:00:00+00:00, run_after=2026-08-15T19:00:00+00:00
[2026-08-15T18:12:30.931+0000] {processor.py:179} INFO - Processing /opt/airflow/dags/dag-pipeline.py took 0.046 seconds
[2026-08-15T18:13:01.133+0000] {processor.py:157} INFO - Started process (PID=1319) to work on /opt/airflow/dags/dag-pipeline.py
[2026-08-15T18:13:01.133+0000] {processor.py:829} INFO - Processing file /opt/airflow/dags/dag-pipeline.py for tasks to queue
[2026-08-15T18:13:01.134+0000] {logging_mixin.py:154} INFO - [2026-08-15T18:13:01.134+0000] {dagbag.py:536} INFO - Filling up the DagBag from /opt/airflow/dags/dag-pipeline.py
[2026-08-15T18:13:01.144+0000] {processor.py:839} INFO - DAG(s) dict_keys(['ecommerce_analytics_engine']) retrieved from /opt/airflow/dags/dag-pipeline.py
[2026-08-15T18:13:01.160+0000] {logging_mixin.py:154} INFO - [2026-08-15T18:13:01.160+0000] {dag.py:2941} INFO - Sync 1 DAGs
[2026-08-15T18:13:01.171+0000] {logging_mixin.py:154} INFO - [2026-08-15T18:13:01.171+0000] {dag.py:3722} INFO - Setting next_dagrun for ecommerce_analytics_engine to 2026-08-15T18:00:00+00:00, run_after=2026-08-15T19:00:00+00:00
[2026-08-15T18:13:01.177+0000] {processor.py:179} INFO - Processing /opt/airflow/dags/dag-pipeline.py took 0.047 seconds
[2026-08-15T18:13:31.399+0000] {processor.py:157} INFO - Started process (PID=1324) to work on /opt/airflow/dags/dag-pipeline.py
[2026-08-15T18:13:31.399+0000] {processor.py:829} INFO - Processing file /opt/airflow/dags/dag-pipeline.py for tasks to queue
[2026-08-15T18:13:31.400+0000] {logging_mixin.py:154} INFO - [2026-08-15T18:13:31.399+0000] {dagbag.py:536} INFO - Filling up the DagBag from /opt/airflow/dags/dag-pipeline.py
[2026-08-15T18:13:31.411+0000] {processor.py:839} INFO - DAG(s) dict_keys(['ecommerce_analytics_engine']) retrieved from /opt/airflow/dags/dag-pipeline.py
[2026-08-15T18:13:31.427+0000] {logging_mixin.py:154} INFO - [2026-08-15T18:13:31.427+0000] {dag.py:2941} INFO - Sync 1 DAGs
[2026-08-15T18:13:31.437+0000] {logging_mixin.py:154} INFO - [2026-08-15T18:13:31.437+0000] {dag.py:3722} INFO - Setting next_dagrun for ecommerce_analytics_engine to 2026-08-15T18:00:00+00:00, run_after=2026-08-15T19:00:00+00:00
[2026-08-15T18:13:31.444+0000] {processor.py:179} INFO - Processing /opt/airflow/dags/dag-pipeline.py took 0.047 seconds
[2026-08-15T18:14:01.625+0000] {processor.py:157} INFO - Started process (PID=1329) to work on /opt/airflow/dags/dag-pipeline.py
[2026-08-15T18:14:01.626+0000] {processor.py:829} INFO - Processing file /opt/airflow/dags/dag-pipeline.py for tasks to queue
[2026-08-15T18:14:01.626+0000] {logging_mixin.py:154} INFO - [2026-08-15T18:14:01.626+0000] {dagbag.py:536} INFO - Filling up the DagBag from /opt/airflow/dags/dag-pipeline.py
[2026-08-15T18:14:01.638+0000] {processor.py:839} INFO - DAG(s) dict_keys(['ecommerce_analytics_engine']) retrieved from /opt/airflow/dags/dag-pipeline.py
[2026-08-15T18:14:01.653+0000] {logging_mixin.py:154} INFO - [2026-08-15T18:14:01.653+0000] {dag.py:2941} INFO - Sync 1 DAGs
[2026-08-15T18:14:01.663+0000] {logging_mixin.py:154} INFO - [2026-08-15T18:14:01.663+0000] {dag.py:3722} INFO - Setting next_dagrun for ecommerce_analytics_engine to 2026-08-15T18:00:00+00:00, run_after=2026-08-15T19:00:00+00:00
[2026-08-15T18:14:01.669+0000] {processor.py:179} INFO - Processing /opt/airflow/dags/dag-pipeline.py took 0.045 seconds
[2026-08-15T18:14:31.847+0000] {processor.py:157} INFO - Started process (PID=1334) to work on /opt/airflow/dags/dag-pipeline.py
[2026-08-15T18:14:31.847+0000] {processor.py:829} INFO - Processing file /opt/airflow/dags/dag-pipeline.py for tasks to queue
[2026-08-15T18:14:31.848+0000] {logging_mixin.py:154} INFO - [2026-08-15T18:14:31.848+0000] {dagbag.py:536} INFO - Filling up the DagBag from /opt/airflow/dags/dag-pipeline.py
[2026-08-15T18:14:31.859+0000] {processor.py:839} INFO - DAG(s) dict_keys(['ecommerce_analytics_engine']) retrieved from /opt/airflow/dags/dag-pipeline.py
[2026-08-15T18:14:31.875+0000] {logging_mixin.py:154} INFO - [2026-08-15T18:14:31.875+0000] {dag.py:2941} INFO - Sync 1 DAGs
[2026-08-15T18:14:31.886+0000] {logging_mixin.py:154} INFO - [2026-08-15T18:14:31.886+0000] {dag.py:3722} INFO - Setting next_dagrun for ecommerce_analytics_engine to 2026-08-15T18:00:00+00:00, run_after=2026-08-15T19:00:00+00:00
[2026-08-15T18:14:31.891+0000] {processor.py:179} INFO - Processing /opt/airflow/dags/dag-pipeline.py took 0.047 seconds
[2026-08-15T18:15:02.065+0000] {processor.py:157} INFO - Started process (PID=1339) to work on /opt/airflow/dags/dag-pipeline.py
[2026-08-15T18:15:02.066+0000] {processor.py:829} INFO - Processing file /opt/airflow/dags/dag-pipeline.py for tasks to queue
[2026-08-15T18:15:02.066+0000] {logging_mixin.py:154} INFO - [2026-08-15T18:15:02.066+0000] {dagbag.py:536} INFO - Filling up the DagBag from /opt/airflow/dags/dag-pipeline.py
[2026-08-15T18:15:02.077+0000] {processor.py:839} INFO - DAG(s) dict_keys(['ecommerce_analytics_engine']) retrieved from /opt/airflow/dags/dag-pipeline.py
[2026-08-15T18:15:02.092+0000] {logging_mixin.py:154} INFO - [2026-08-15T18:15:02.092+0000] {dag.py:2941} INFO - Sync 1 DAGs
[2026-08-15T18:15:02.101+0000] {logging_mixin.py:154} INFO - [2026-08-15T18:15:02.101+0000] {dag.py:3722} INFO - Setting next_dagrun for ecommerce_analytics_engine to 2026-08-15T18:00:00+00:00, run_after=2026-08-15T19:00:00+00:00
[2026-08-15T18:15:02.107+0000] {processor.py:179} INFO - Processing /opt/airflow/dags/dag-pipeline.py took 0.044 seconds
[2026-08-15T18:15:32.298+0000] {processor.py:157} INFO - Started process (PID=1344) to work on /opt/airflow/dags/dag-pipeline.py
[2026-08-15T18:15:32.298+0000] {processor.py:829} INFO - Processing file /opt/airflow/dags/dag-pipeline.py for tasks to queue
[2026-08-15T18:15:32.299+0000] {logging_mixin.py:154} INFO - [2026-08-15T18:15:32.298+0000] {dagbag.py:536} INFO - Filling up the DagBag from /opt/airflow/dags/dag-pipeline.py
[2026-08-15T18:15:32.309+0000] {processor.py:839} INFO - DAG(s) dict_keys(['ecommerce_analytics_engine']) retrieved from /opt/airflow/dags/dag-pipeline.py
[2026-08-15T18:15:32.324+0000] {logging_mixin.py:154} INFO - [2026-08-15T18:15:32.324+0000] {dag.py:2941} INFO - Sync 1 DAGs
[2026-08-15T18:15:32.335+0000] {logging_mixin.py:154} INFO - [2026-08-15T18:15:32.335+0000] {dag.py:3722} INFO - Setting next_dagrun for ecommerce_analytics_engine to 2026-08-15T18:00:00+00:00, run_after=2026-08-15T19:00:00+00:00
[2026-08-15T18:15:32.341+0000] {processor.py:179} INFO - Processing /opt/airflow/dags/dag-pipeline.py took 0.046 seconds
[2026-08-15T18:16:02.528+0000] {processor.py:157} INFO - Started process (PID=1349) to work on /opt/airflow/dags/dag-pipeline.py
[2026-08-15T18:16:02.529+0000] {processor.py:829} INFO - Processing file /opt/airflow/dags/dag-pipeline.py for tasks to queue
[2026-08-15T18:16:02.529+0000] {logging_mixin.py:154} INFO - [2026-08-15T18:16:02.529+0000] {dagbag.py:536} INFO - Filling up the DagBag from /opt/airflow/dags/dag-pipeline.py
[2026-08-15T18:16:02.538+0000] {processor.py:839} INFO - DAG(s) dict_keys(['ecommerce_analytics_engine']) retrieved from /opt/airflow/dags/dag-pipeline.py
[2026-08-15T18:16:02.550+0000] {logging_mixin.py:154} INFO - [2026-08-15T18:16:02.550+0000] {dag.py:2941} INFO - Sync 1 DAGs
[2026-08-15T18:16:02.560+0000] {logging_mixin.py:154} INFO - [2026-08-15T18:16:02.560+0000] {dag.py:3722} INFO - Setting next_dagrun for ecommerce_analytics_engine to 2026-08-15T18:00:00+00:00, run_after=2026-08-15T19:00:00+00:00
[2026-08-15T18:16:02.566+0000] {processor.py:179} INFO - Processing /opt/airflow/dags/dag-pipeline.py took 0.041 seconds
[2026-08-15T18:16:32.757+0000] {processor.py:157} INFO - Started process (PID=1354) to work on /opt/airflow/dags/dag-pipeline.py
[2026-08-15T18:16:32.757+0000] {processor.py:829} INFO - Processing file /opt/airflow/dags/dag-pipeline.py for tasks to queue
[2026-08-15T18:16:32.758+0000] {logging_mixin.py:154} INFO - [2026-08-15T18:16:32.758+0000] {dagbag.py:536} INFO - Filling up the DagBag from /opt/airflow/dags/dag-pipeline.py
[2026-08-15T18:16:32.772+0000] {processor.py:839} INFO - DAG(s) dict_keys(['ecommerce_analytics_engine']) retrieved from /opt/airflow/dags/dag-pipeline.py
[2026-08-15T18:16:32.788+0000] {logging_mixin.py:154} INFO - [2026-08-15T18:16:32.788+0000] {dag.py:2941} INFO - Sync 1 DAGs
[2026-08-15T18:16:32.799+0000] {logging_mixin.py:154} INFO - [2026-08-15T18:16:32.799+0000] {dag.py:3722} INFO - Setting next_dagrun for ecommerce_analytics_engine to 2026-08-15T18:00:00+00:00, run_after=2026-08-15T19:00:00+00:00
[2026-08-15T18:16:32.805+0000] {processor.py:179} INFO - Processing /opt/airflow/dags/dag-pipeline.py took 0.050 seconds
[2026-08-15T18:17:02.993+0000] {processor.py:157} INFO - Started process (PID=1359) to work on /opt/airflow/dags/dag-pipeline.py
[2026-08-15T18:17:02.994+0000] {processor.py:829} INFO - Processing file /opt/airflow/dags/dag-pipeline.py for tasks to queue
[2026-08-15T18:17:02.994+0000] {logging_mixin.py:154} INFO - [2026-08-15T18:17:02.994+0000] {dagbag.py:536} INFO - Filling up the DagBag from /opt/airflow/dags/dag-pipeline.py
[2026-08-15T18:17:03.007+0000] {processor.py:839} INFO - DAG(s) dict_keys(['ecommerce_analytics_engine']) retrieved from /opt/airflow/dags/dag-pipeline.py
[2026-08-15T18:17:03.022+0000] {logging_mixin.py:154} INFO - [2026-08-15T18:17:03.022+0000] {dag.py:2941} INFO - Sync 1 DAGs
[2026-08-15T18:17:03.032+0000] {logging_mixin.py:154} INFO - [2026-08-15T18:17:03.032+0000] {dag.py:3722} INFO - Setting next_dagrun for ecommerce_analytics_engine to 2026-08-15T18:00:00+00:00, run_after=2026-08-15T19:00:00+00:00
[2026-08-15T18:17:03.038+0000] {processor.py:179} INFO - Processing /opt/airflow/dags/dag-pipeline.py took 0.049 seconds
[2026-08-15T18:17:33.207+0000] {processor.py:157} INFO - Started process (PID=1364) to work on /opt/airflow/dags/dag-pipeline.py
[2026-08-15T18:17:33.208+0000] {processor.py:829} INFO - Processing file /opt/airflow/dags/dag-pipeline.py for tasks to queue
[2026-08-15T18:17:33.208+0000] {logging_mixin.py:154} INFO - [2026-08-15T18:17:33.208+0000] {dagbag.py:536} INFO - Filling up the DagBag from /opt/airflow/dags/dag-pipeline.py
[2026-08-15T18:17:33.219+0000] {processor.py:839} INFO - DAG(s) dict_keys(['ecommerce_analytics_engine']) retrieved from /opt/airflow/dags/dag-pipeline.py
[2026-08-15T18:17:33.234+0000] {logging_mixin.py:154} INFO - [2026-08-15T18:17:33.234+0000] {dag.py:2941} INFO - Sync 1 DAGs
[2026-08-15T18:17:33.245+0000] {logging_mixin.py:154} INFO - [2026-08-15T18:17:33.245+0000] {dag.py:3722} INFO - Setting next_dagrun for ecommerce_analytics_engine to 2026-08-15T18:00:00+00:00, run_after=2026-08-15T19:00:00+00:00
[2026-08-15T18:17:33.252+0000] {processor.py:179} INFO - Processing /opt/airflow/dags/dag-pipeline.py took 0.046 seconds
[2026-08-15T18:18:03.481+0000] {processor.py:157} INFO - Started process (PID=1369) to work on /opt/airflow/dags/dag-pipeline.py
[2026-08-15T18:18:03.482+0000] {processor.py:829} INFO - Processing file /opt/airflow/dags/dag-pipeline.py for tasks to queue
[2026-08-15T18:18:03.482+0000] {logging_mixin.py:154} INFO - [2026-08-15T18:18:03.482+0000] {dagbag.py:536} INFO - Filling up the DagBag from /opt/airflow/dags/dag-pipeline.py
[2026-08-15T18:18:03.493+0000] {processor.py:839} INFO - DAG(s) dict_keys(['ecommerce_analytics_engine']) retrieved from /opt/airflow/dags/dag-pipeline.py
[2026-08-15T18:18:03.507+0000] {logging_mixin.py:154} INFO - [2026-08-15T18:18:03.507+0000] {dag.py:2941} INFO - Sync 1 DAGs
[2026-08-15T18:18:03.518+0000] {logging_mixin.py:154} INFO - [2026-08-15T18:18:03.517+0000] {dag.py:3722} INFO - Setting next_dagrun for ecommerce_analytics_engine to 2026-08-15T18:00:00+00:00, run_after=2026-08-15T19:00:00+00:00
[2026-08-15T18:18:03.523+0000] {processor.py:179} INFO - Processing /opt/airflow/dags/dag-pipeline.py took 0.045 seconds
[2026-08-15T18:18:33.732+0000] {processor.py:157} INFO - Started process (PID=1374) to work on /opt/airflow/dags/dag-pipeline.py
[2026-08-15T18:18:33.733+0000] {processor.py:829} INFO - Processing file /opt/airflow/dags/dag-pipeline.py for tasks to queue
[2026-08-15T18:18:33.733+0000] {logging_mixin.py:154} INFO - [2026-08-15T18:18:33.733+0000] {dagbag.py:536} INFO - Filling up the DagBag from /opt/airflow/dags/dag-pipeline.py
[2026-08-15T18:18:33.744+0000] {processor.py:839} INFO - DAG(s) dict_keys(['ecommerce_analytics_engine']) retrieved from /opt/airflow/dags/dag-pipeline.py
[2026-08-15T18:18:33.760+0000] {logging_mixin.py:154} INFO - [2026-08-15T18:18:33.759+0000] {dag.py:2941} INFO - Sync 1 DAGs
[2026-08-15T18:18:33.771+0000] {logging_mixin.py:154} INFO - [2026-08-15T18:18:33.770+0000] {dag.py:3722} INFO - Setting next_dagrun for ecommerce_analytics_engine to 2026-08-15T18:00:00+00:00, run_after=2026-08-15T19:00:00+00:00
[2026-08-15T18:18:33.777+0000] {processor.py:179} INFO - Processing /opt/airflow/dags/dag-pipeline.py took 0.047 seconds
[2026-08-15T18:19:03.981+0000] {processor.py:157} INFO - Started process (PID=1379) to work on /opt/airflow/dags/dag-pipeline.py
[2026-08-15T18:19:03.981+0000] {processor.py:829} INFO - Processing file /opt/airflow/dags/dag-pipeline.py for tasks to queue
[2026-08-15T18:19:03.982+0000] {logging_mixin.py:154} INFO - [2026-08-15T18:19:03.982+0000] {dagbag.py:536} INFO - Filling up the DagBag from /opt/airflow/dags/dag-pipeline.py
[2026-08-15T18:19:03.995+0000] {processor.py:839} INFO - DAG(s) dict_keys(['ecommerce_analytics_engine']) retrieved from /opt/airflow/dags/dag-pipeline.py
[2026-08-15T18:19:04.012+0000] {logging_mixin.py:154} INFO - [2026-08-15T18:19:04.012+0000] {dag.py:2941} INFO - Sync 1 DAGs
[2026-08-15T18:19:04.021+0000] {logging_mixin.py:154} INFO - [2026-08-15T18:19:04.020+0000] {dag.py:3722} INFO - Setting next_dagrun for ecommerce_analytics_engine to 2026-08-15T18:00:00+00:00, run_after=2026-08-15T19:00:00+00:00
[2026-08-15T18:19:04.026+0000] {processor.py:179} INFO - Processing /opt/airflow/dags/dag-pipeline.py took 0.048 seconds
[2026-08-15T18:19:34.234+0000] {processor.py:157} INFO - Started process (PID=1384) to work on /opt/airflow/dags/dag-pipeline.py
[2026-08-15T18:19:34.234+0000] {processor.py:829} INFO - Processing file /opt/airflow/dags/dag-pipeline.py for tasks to queue
[2026-08-15T18:19:34.235+0000] {logging_mixin.py:154} INFO - [2026-08-15T18:19:34.235+0000] {dagbag.py:536} INFO - Filling up the DagBag from /opt/airflow/dags/dag-pipeline.py
[2026-08-15T18:19:34.241+0000] {processor.py:839} INFO - DAG(s) dict_keys(['ecommerce_analytics_engine']) retrieved from /opt/airflow/dags/dag-pipeline.py
[2026-08-15T18:19:34.250+0000] {logging_mixin.py:154} INFO - [2026-08-15T18:19:34.250+0000] {dag.py:2941} INFO - Sync 1 DAGs
[2026-08-15T18:19:34.257+0000] {logging_mixin.py:154} INFO - [2026-08-15T18:19:34.257+0000] {dag.py:3722} INFO - Setting next_dagrun for ecommerce_analytics_engine to 2026-08-15T18:00:00+00:00, run_after=2026-08-15T19:00:00+00:00
[2026-08-15T18:19:34.263+0000] {processor.py:179} INFO - Processing /opt/airflow/dags/dag-pipeline.py took 0.030 seconds
[2026-08-15T18:20:04.529+0000] {processor.py:157} INFO - Started process (PID=1389) to work on /opt/airflow/dags/dag-pipeline.py
[2026-08-15T18:20:04.529+0000] {processor.py:829} INFO - Processing file /opt/airflow/dags/dag-pipeline.py for tasks to queue
[2026-08-15T18:20:04.530+0000] {logging_mixin.py:154} INFO - [2026-08-15T18:20:04.530+0000] {dagbag.py:536} INFO - Filling up the DagBag from /opt/airflow/dags/dag-pipeline.py
[2026-08-15T18:20:04.540+0000] {processor.py:839} INFO - DAG(s) dict_keys(['ecommerce_analytics_engine']) retrieved from /opt/airflow/dags/dag-pipeline.py
[2026-08-15T18:20:04.556+0000] {logging_mixin.py:154} INFO - [2026-08-15T18:20:04.556+0000] {dag.py:2941} INFO - Sync 1 DAGs
[2026-08-15T18:20:04.565+0000] {logging_mixin.py:154} INFO - [2026-08-15T18:20:04.565+0000] {dag.py:3722} INFO - Setting next_dagrun for ecommerce_analytics_engine to 2026-08-15T18:00:00+00:00, run_after=2026-08-15T19:00:00+00:00
[2026-08-15T18:20:04.571+0000] {processor.py:179} INFO - Processing /opt/airflow/dags/dag-pipeline.py took 0.044 seconds
[2026-08-15T18:20:34.754+0000] {processor.py:157} INFO - Started process (PID=1394) to work on /opt/airflow/dags/dag-pipeline.py
[2026-08-15T18:20:34.754+0000] {processor.py:829} INFO - Processing file /opt/airflow/dags/dag-pipeline.py for tasks to queue
[2026-08-15T18:20:34.755+0000] {logging_mixin.py:154} INFO - [2026-08-15T18:20:34.755+0000] {dagbag.py:536} INFO - Filling up the DagBag from /opt/airflow/dags/dag-pipeline.py
[2026-08-15T18:20:34.765+0000] {processor.py:839} INFO - DAG(s) dict_keys(['ecommerce_analytics_engine']) retrieved from /opt/airflow/dags/dag-pipeline.py
[2026-08-15T18:20:34.779+0000] {logging_mixin.py:154} INFO - [2026-08-15T18:20:34.779+0000] {dag.py:2941} INFO - Sync 1 DAGs
[2026-08-15T18:20:34.790+0000] {logging_mixin.py:154} INFO - [2026-08-15T18:20:34.790+0000] {dag.py:3722} INFO - Setting next_dagrun for ecommerce_analytics_engine to 2026-08-15T18:00:00+00:00, run_after=2026-08-15T19:00:00+00:00
[2026-08-15T18:20:34.796+0000] {processor.py:179} INFO - Processing /opt/airflow/dags/dag-pipeline.py took 0.044 seconds
[2026-08-15T18:21:05.017+0000] {processor.py:157} INFO - Started process (PID=1399) to work on /opt/airflow/dags/dag-pipeline.py
[2026-08-15T18:21:05.018+0000] {processor.py:829} INFO - Processing file /opt/airflow/dags/dag-pipeline.py for tasks to queue
[2026-08-15T18:21:05.018+0000] {logging_mixin.py:154} INFO - [2026-08-15T18:21:05.018+0000] {dagbag.py:536} INFO - Filling up the DagBag from /opt/airflow/dags/dag-pipeline.py
[2026-08-15T18:21:05.028+0000] {processor.py:839} INFO - DAG(s) dict_keys(['ecommerce_analytics_engine']) retrieved from /opt/airflow/dags/dag-pipeline.py
[2026-08-15T18:21:05.045+0000] {logging_mixin.py:154} INFO - [2026-08-15T18:21:05.045+0000] {dag.py:2941} INFO - Sync 1 DAGs
[2026-08-15T18:21:05.055+0000] {logging_mixin.py:154} INFO - [2026-08-15T18:21:05.055+0000] {dag.py:3722} INFO - Setting next_dagrun for ecommerce_analytics_engine to 2026-08-15T18:00:00+00:00, run_after=2026-08-15T19:00:00+00:00
[2026-08-15T18:21:05.064+0000] {processor.py:179} INFO - Processing /opt/airflow/dags/dag-pipeline.py took 0.049 seconds
[2026-08-15T18:21:35.298+0000] {processor.py:157} INFO - Started process (PID=1404) to work on /opt/airflow/dags/dag-pipeline.py
[2026-08-15T18:21:35.298+0000] {processor.py:829} INFO - Processing file /opt/airflow/dags/dag-pipeline.py for tasks to queue
[2026-08-15T18:21:35.299+0000] {logging_mixin.py:154} INFO - [2026-08-15T18:21:35.299+0000] {dagbag.py:536} INFO - Filling up the DagBag from /opt/airflow/dags/dag-pipeline.py
[2026-08-15T18:21:35.308+0000] {processor.py:839} INFO - DAG(s) dict_keys(['ecommerce_analytics_engine']) retrieved from /opt/airflow/dags/dag-pipeline.py
[2026-08-15T18:21:35.321+0000] {logging_mixin.py:154} INFO - [2026-08-15T18:21:35.321+0000] {dag.py:2941} INFO - Sync 1 DAGs
[2026-08-15T18:21:35.331+0000] {logging_mixin.py:154} INFO - [2026-08-15T18:21:35.331+0000] {dag.py:3722} INFO - Setting next_dagrun for ecommerce_analytics_engine to 2026-08-15T18:00:00+00:00, run_after=2026-08-15T19:00:00+00:00
[2026-08-15T18:21:35.337+0000] {processor.py:179} INFO - Processing /opt/airflow/dags/dag-pipeline.py took 0.041 seconds
[2026-08-15T18:22:05.576+0000] {processor.py:157} INFO - Started process (PID=1409) to work on /opt/airflow/dags/dag-pipeline.py
[2026-08-15T18:22:05.577+0000] {processor.py:829} INFO - Processing file /opt/airflow/dags/dag-pipeline.py for tasks to queue
[2026-08-15T18:22:05.577+0000] {logging_mixin.py:154} INFO - [2026-08-15T18:22:05.577+0000] {dagbag.py:536} INFO - Filling up the DagBag from /opt/airflow/dags/dag-pipeline.py
[2026-08-15T18:22:05.589+0000] {processor.py:839} INFO - DAG(s) dict_keys(['ecommerce_analytics_engine']) retrieved from /opt/airflow/dags/dag-pipeline.py
[2026-08-15T18:22:05.604+0000] {logging_mixin.py:154} INFO - [2026-08-15T18:22:05.604+0000] {dag.py:2941} INFO - Sync 1 DAGs
[2026-08-15T18:22:05.614+0000] {logging_mixin.py:154} INFO - [2026-08-15T18:22:05.614+0000] {dag.py:3722} INFO - Setting next_dagrun for ecommerce_analytics_engine to 2026-08-15T18:00:00+00:00, run_after=2026-08-15T19:00:00+00:00
[2026-08-15T18:22:05.621+0000] {processor.py:179} INFO - Processing /opt/airflow/dags/dag-pipeline.py took 0.047 seconds
